name,condition,food_group,energy,protein,total_fat,carbohydrate,sugar,fiber,calcium,phosphorus,iron,magnesium,potassium,sodium,zinc,copper,vitamin_c,vitamin_b1,vitamin_b2,vitamin_b3,vitamin_b6,vitamin_b9,vitamin_b12,vitamin_a,vitamin_d,vitamin_e,vitamin_k,saturated_fat,monounsaturated_fat,polyunsaturated_fat,cholesterol
"Abiyuch, mentah",Mentah,Lainnya,69,1.5,0.1,17.6,8.55,5.3,8.0,47.0,1.61,24,304.0,20.0,0.31,0.057,54.1,0.0,0.0,0.0,0.0,0,0.0,5.0,0.0,0.0,0.0,0.014,0.0,0.0,0.0
"Acar dan pimiento roti, babi",Olahan,Daging & Unggas,225,11.23,15.95,8.46,8.46,1.5,109.0,153.0,1.33,34,371.0,1.04,1.68,0.105,7.8,0.392,0.115,2.486,0.418,37,0.54,78.0,0.8,0.4,5.1,5.287,7.06,2.804,58.0
"Acar, chowchow, dengan mustard bawang kembang kol, manis",Olahan,Sayuran,121,1.5,0.9,26.64,23.88,1.5,23.0,22.0,1.4,21,200.0,527.0,0.23,0.092,6.0,0.0,0.02,0.0,0.01,5,0.0,5.0,0.0,0.16,61.6,0.149,0.17,0.397,0.0
"Agave, kering (Barat daya)",Mentah,Lainnya,341,1.71,0.69,81.98,50.7,15.6,770.0,37.0,3.64,207,767.0,14.0,12.1,0.189,0.3,0.021,0.644,0.87,0.216,7,0.0,1.0,0.0,0.76,0.5,0.0,0.0,0.0,0.0
"Agutuk, daging karibu (es krim Alaska) (asli Alaska)",Mentah,Susu & Olahan,258,21.7,18.6,0.9,0.0,0.0,16.0,170.0,4.55,20,228.0,95.0,3.83,0.19,2.2,0.18,0.66,4.26,0.23,4,4.83,0.0,0.0,0.0,0.0,5.1,8.7,3.6,89.0
"Air, Botol, Non-Karbonasi, Calistoga",Olahan,Minuman,0,0.0,0.0,0.0,0.0,0.0,0.0,0.0,0.0,0,0.0,0.0,0.0,0.0,0,0.0,0.0,0.0,0.0,0,0.0,0.0,0.0,0.0,0.0,0.0,0.0,0.0,0.0
"Akar Chicory (Sawi Putih), mentah",Mentah,Sayuran,72,1.4,0.2,17.51,8.73,1.5,41.0,61.0,0.8,22,290.0,50.0,0.33,0.077,5.0,0.04,0.03,0.4,0.241,23,0.0,0.0,0.0,0.0,0.0,0.048,0.004,0.087,0.0
"Akar Mashu, mentah (asli Alaska)",Mentah,Lainnya,135,5.8,2.4,22.6,0.0,0.0,0.0,67.0,0.0,0,0.0,0.0,0.0,0.0,11.0,0.1,0.07,1.3,0.0,0,0.0,0.0,0.0,0.0,0.0,0.0,0.0,0.0,0.0
"Akar burdock, dimasak, direbus, dikeringkan, dengan garam",Mentah,Bumbu,88,2.09,0.14,21.15,3.55,1.8,49.0,93.0,0.77,39,360.0,240.0,0.38,0.089,2.6,0.039,0.058,0.32,0.279,20,0.0,0.0,0.0,0.46,2.0,0.0,0.0,0.0,0.0
"Akar jahe, acar, kalengan, dengan pemanis buatan",Olahan,Lainnya,20,0.33,0.1,4.83,0.0,2.6,74.0,2.0,0.28,4,36.0,906.0,0.04,0.018,0,0.02,0.015,0.022,0.037,1,0.0,0.0,0.0,0.18,2.2,0.037,0.02,0.034,0.0
"Akar teratai, dimasak, direbus, dikeringkan, dengan garam",Mentah,Bumbu,66,1.58,0.07,16.02,0.0,3.1,26.0,78.0,0.9,22,363.0,281.0,0.33,0.217,27.4,0.127,0.01,0.3,0.218,8,0.0,0.0,0.0,0.0,0.0,0.021,0.014,0.014,0.0
Alpukat Mentega,Olahan,Flora Buah dan Jus Buah,160,2.0,15.0,9.0,0.0,0.0,0.0,52.0,0.6,29,485.0,7.0,0.6,0.19,10.0,0.07,0.13,1.7,0.26,81,0.0,7.0,0.0,2.07,21.0,2.1,9.8,1.8,0.0
"Alpukat, mentah, California",Mentah,Lainnya,167,1.96,15.41,8.64,0.3,6.8,13.0,54.0,0.61,29,507.0,8.0,0.68,0.17,8.8,0.075,0.143,1.912,0.287,89,0.0,7.0,0.0,1.97,21.0,2.126,9.799,1.816,0.0
"Andrea's, Roll Makan Malam Lembut Bebas Gluten",Olahan,Lainnya,257,5.65,8.2,40.24,2.98,2.9,41.0,128.0,0.89,42,165.0,544.0,0.77,0.111,0,0.25,0.0,0.0,0.14,31,0.0,0.0,0.0,0.52,0.0,0.0,0.0,0.0,0.0
"Anggur, kaleng, tanpa biji, paket air, padatan dan cairan",Mentah,Buah-buahan,40,0.5,0.11,10.3,9.7,0.6,10.0,18.0,0.98,6,107.0,6.0,0.05,0.056,1.0,0.031,0.023,0.13,0.065,3,0.0,2.0,0.0,0.13,9.8,0.035,0.004,0.031,0.0
"Angsa Kanada, daging dada, tanpa kulit, mentah",Mentah,Daging & Unggas,133,24.31,4.02,0.0,0.0,0.0,4.0,256.0,5.91,29,336.0,50.0,1.68,0.443,0,0.284,1.523,6.56,1.077,0,4.1,11.0,0.0,0.57,0.0,0.609,0.817,0.347,80.0
"Angsa, hati, mentah",Mentah,Lainnya,133,16.37,4.28,6.32,0.0,0.0,43.0,261.0,30.53,24,230.0,140.0,3.07,7.522,4.5,0.562,0.892,6.5,0.76,738,54.0,9.309,0.0,0.0,0.0,1.59,0.81,0.26,515.0
"Anjing laut, berjanggut (Oogruk), daging, dikeringkan, dalam minyak (asli Alaska)",Mentah,Daging & Unggas,367,35.31,25.08,0.0,0.0,0.0,7.0,240.0,17.0,29,400.0,120.0,3.1,0.27,0,0.011,0.364,6.52,0.091,11,5.85,0.0,0.0,0.55,0.0,3.92,11.16,1.18,64.0
"Apel mawar, mentah",Mentah,Buah-buahan,25,0.6,0.3,5.7,0.0,0.0,29.0,8.0,0.07,5,123.0,0.0,0.06,0.016,22.3,0.02,0.03,0.8,0.0,0,0.0,17.0,0.0,0.0,0.0,0.0,0.0,0.0,0.0
"Apel, beku, tanpa pemanis, dipanaskan",Mentah,Buah-buahan,47,0.29,0.33,12.0,0.0,1.3,5.0,8.0,0.19,3,76.0,3.0,0.05,0.065,0.4,0.014,0.011,0.043,0.032,1,0.0,0.0,0.0,0.0,0.0,0.053,0.013,0.095,0.0
"Apel-gula, (permen), mentah",Mentah,Buah-buahan,94,2.06,0.29,23.64,0.0,4.4,24.0,32.0,0.6,21,247.0,9.0,0.1,0.086,36.3,0.11,0.113,0.883,0.2,14,0.0,0.0,0.0,0.0,0.0,0.048,0.114,0.04,0.0
"Applebee's, bawang bombai renyah",Olahan,Buah-buahan,356,4.58,19.61,40.17,4.48,3.1,22.0,90.0,0.67,17,135.0,833.0,0.43,0.087,0,0.107,0.091,0.73,0.077,0,0.0,0.0,0.0,1.27,41.1,3.574,4.408,10.255,0.0
"Aprikot nektar, kaleng, dengan tambahan asam askorbat",Olahan,Lainnya,56,0.37,0.09,14.39,13.24,0.6,7.0,9.0,0.38,5,114.0,3.0,0.09,0.073,17.6,0.009,0.014,0.26,0.022,1,0.0,66.0,0.0,0.0,0.0,0.006,0.038,0.017,0.0
"Aprikot, beku, manis",Olahan,Lainnya,98,0.7,0.1,25.1,0.0,2.2,10.0,19.0,0.9,9,229.0,4.0,0.1,0.064,9.0,0.02,0.04,0.8,0.06,2,0.0,84.0,0.0,0.0,0.0,0.007,0.044,0.02,0.0
"Arbara Dee, Kue Mint Musim Dingin",Olahan,Serealia & Olahan,515,3.9,26.0,67.1,35.8,2.0,0.0,48.0,2.6,20,65.0,290.0,0.2,0.0,0,0.26,0.17,2.3,0.0,52,0.0,0.0,0.0,0.0,0.0,18.0,2.7,3.8,0.0
"Arby's, Sandwich Daging Sapi Panggang, Klasik",Olahan,Daging & Unggas,242,15.17,10.3,22.21,3.84,1.3,55.0,200.0,2.64,23,224.0,653.0,2.27,0.109,0,0.217,0.287,4.343,0.215,51,0.96,0.0,0.0,0.0,0.0,3.399,3.987,1.762,30.0
"Archway Home Style Cookies, Chocolate Chip Ice Box",Olahan,Serealia & Olahan,497,4.28,24.4,65.02,34.06,2.0,14.0,0.0,2.63,0,127.0,270.0,0.0,0.0,0,0.25,0.17,2.06,0.0,60,0.0,0.0,0.0,0.0,0.0,8.08,8.94,1.43,13.0
"Arrowhead, dimasak, direbus, dikeringkan, dengan garam",Mentah,Bumbu,78,4.49,0.1,16.14,0.0,0.0,7.0,197.0,1.21,49,881.0,254.0,0.22,0.135,0.3,0.144,0.06,1.16,0.206,9,0.0,0.0,0.0,0.0,0.0,0.0,0.0,0.0,0.0
"Artichoke Yerusalem, mentah",Mentah,Lainnya,73,2.0,0.01,17.44,9.6,1.6,14.0,78.0,3.4,17,429.0,4.0,0.12,0.14,4.0,0.2,0.06,1.3,0.077,13,0.0,1.0,0.0,0.19,0.1,0.0,0.004,0.001,0.0
"Artichoke, (globe atau Perancis), beku, dimasak, direbus, dikeringkan, dengan garam",Mentah,Bumbu,45,3.11,0.5,9.18,0.84,4.6,21.0,61.0,0.56,31,264.0,289.0,0.36,0.061,5.0,0.062,0.158,0.915,0.087,119,0.0,1.0,0.0,0.16,12.6,0.119,0.015,0.216,0.0
"Arugula, mentah",Mentah,Gula & Manisan,25,2.58,0.66,3.65,2.05,1.6,160.0,52.0,1.46,47,369.0,27.0,0.47,0.076,15.0,0.044,0.086,0.305,0.073,97,0.0,119.0,0.0,0.43,108.6,0.086,0.049,0.319,0.0
"Asam jawa, mentah",Mentah,Lainnya,239,2.8,0.6,62.5,38.8,5.1,74.0,113.0,2.8,92,628.0,28.0,0.1,0.086,3.5,0.428,0.152,1.938,0.066,14,0.0,2.0,0.0,0.1,2.8,0.272,0.181,0.059,0.0
"Asam nectar, kalengan",Olahan,Lainnya,57,0.09,0.12,14.73,12.7,0.5,10.0,2.0,0.75,4,27.0,7.0,0.02,0.014,7.1,0.003,0.003,0.07,0.007,1,0.0,0.0,0.0,0.12,0.1,0.0,0.0,0.0,0.0
Ascidia (tunughnak) (alaska asli),Olahan,Lainnya,20,3.8,0.5,0.0,0.0,0.0,47.0,0.0,3.3,0,102.0,656.0,0.0,0.0,0,0.0,0.2,0.0,0.0,0,0.0,0.0,0.0,0.0,0.0,0.1,0.12,0.2,7.0
Asinan Betawi,0,Flora Sayuran & olahannya,150,0.0,0.0,0.0,0.0,0.0,0.0,0.0,0.0,0,0.0,0.0,0.0,0.0,0,0.0,0.0,0.0,0.0,0,0.0,0.0,0.0,0.0,0.0,0.0,0.0,0.0,0.0
"Asinan kubis, kalengan, padatan dan cairan",Olahan,Umbi-umbian,19,0.91,0.14,4.28,1.78,2.9,30.0,20.0,1.47,13,170.0,661.0,0.19,0.096,14.7,0.021,0.022,0.143,0.13,24,0.0,1.0,0.0,0.14,13.0,0.034,0.013,0.067,0.0
"Asparagus, beku, dimasak, direbus, dikeringkan, tanpa garam",Mentah,Bumbu,18,2.95,0.42,1.92,0.32,1.6,18.0,49.0,0.56,10,172.0,3.0,0.41,0.105,24.4,0.065,0.103,1.038,0.02,135,0.0,40.0,0.0,1.2,80.0,0.096,0.013,0.185,0.0
"Austin, Cheddar Cheese on Cheese Crackers, Sejenis Sandwich",Olahan,Susu & Olahan,494,7.5,24.9,60.0,13.5,1.3,160.0,175.0,3.2,11,281.0,900.0,0.0,0.0,0,0.4,0.26,3.5,0.0,106,0.0,0.0,0.0,0.0,0.0,6.1,5.4,12.1,3.0
Ayam Bakar Ayam,0,"Hewan Ayam, Bebek, Angsa, Kalkun, Unggas",248,0.0,0.0,0.0,0.0,0.0,0.0,0.0,0.0,0,0.0,0.0,0.0,0.0,0,0.0,0.0,0.0,0.0,0,0.0,0.0,0.0,0.0,0.0,0.0,0.0,0.0,0.0
Ayam Bakar Keju,0,"Hewan Ayam, Bebek, Angsa, Kalkun, Unggas",228,0.0,0.0,0.0,0.0,0.0,0.0,0.0,0.0,0,0.0,0.0,0.0,0.0,0,0.0,0.0,0.0,0.0,0,0.0,0.0,0.0,0.0,0.0,0.0,0.0,0.0,0.0
Ayam Bakar Madu,0,"Hewan Ayam, Bebek, Angsa, Kalkun, Unggas",245,0.0,0.0,0.0,0.0,0.0,0.0,0.0,0.0,0,0.0,0.0,0.0,0.0,0,0.0,0.0,0.0,0.0,0,0.0,0.0,0.0,0.0,0.0,0.0,0.0,0.0,0.0
Ayam Bakar Mentega,0,"Hewan Ayam, Bebek, Angsa, Kalkun, Unggas",217,0.0,0.0,0.0,0.0,0.0,0.0,0.0,0.0,0,0.0,0.0,0.0,0.0,0,0.0,0.0,0.0,0.0,0,0.0,0.0,0.0,0.0,0.0,0.0,0.0,0.0,0.0
Ayam Bakar Pedas,0,"Hewan Ayam, Bebek, Angsa, Kalkun, Unggas",246,0.0,0.0,0.0,0.0,0.0,0.0,0.0,0.0,0,0.0,0.0,0.0,0.0,0,0.0,0.0,0.0,0.0,0,0.0,0.0,0.0,0.0,0.0,0.0,0.0,0.0,0.0
Ayam Bakar Sapi,0,"Hewan Ayam, Bebek, Angsa, Kalkun, Unggas",244,0.0,0.0,0.0,0.0,0.0,0.0,0.0,0.0,0,0.0,0.0,0.0,0.0,0,0.0,0.0,0.0,0.0,0,0.0,0.0,0.0,0.0,0.0,0.0,0.0,0.0,0.0
Ayam Bakar Seafood,0,"Hewan Ayam, Bebek, Angsa, Kalkun, Unggas",223,0.0,0.0,0.0,0.0,0.0,0.0,0.0,0.0,0,0.0,0.0,0.0,0.0,0,0.0,0.0,0.0,0.0,0,0.0,0.0,0.0,0.0,0.0,0.0,0.0,0.0,0.0
Ayam Bakar Spesial,0,"Hewan Ayam, Bebek, Angsa, Kalkun, Unggas",228,0.0,0.0,0.0,0.0,0.0,0.0,0.0,0.0,0,0.0,0.0,0.0,0.0,0,0.0,0.0,0.0,0.0,0,0.0,0.0,0.0,0.0,0.0,0.0,0.0,0.0,0.0
Ayam Betutu Gilimanuk,0,"Hewan Ayam, Bebek, Angsa, Kalkun, Unggas",240,0.0,0.0,0.0,0.0,0.0,0.0,0.0,0.0,0,0.0,0.0,0.0,0.0,0,0.0,0.0,0.0,0.0,0,0.0,0.0,0.0,0.0,0.0,0.0,0.0,0.0,0.0
Ayam Geprek Bensu,0,Makanan Cepat Saji,350,0.0,0.0,0.0,0.0,0.0,0.0,0.0,0.0,0,0.0,0.0,0.0,0.0,0,0.0,0.0,0.0,0.0,0,0.0,0.0,0.0,0.0,0.0,0.0,0.0,0.0,0.0
Ayam Goreng Kalasan,Olahan,"Hewan Ayam, Bebek, Angsa, Kalkun, Unggas",260,22.0,18.0,1.0,0.0,0.0,0.0,200.0,1.5,25,250.0,350.0,1.5,0.1,0.0,0.06,0.15,8.0,0.4,5,0.3,30.0,0.2,1.0,2.0,6.0,8.0,3.0,85.0
"Ayam Guinea, daging dan kulit, mentah",Mentah,Daging & Unggas,158,23.4,6.45,0.0,0.0,0.0,11.0,153.0,0.84,22,193.0,67.0,1.13,0.043,1.3,0.059,0.102,7.667,0.38,5,0.34,28.0,0.0,0.0,0.0,1.77,2.43,1.41,74.0
Ayam Penyet,0,"Hewan Ayam, Bebek, Angsa, Kalkun, Unggas",320,0.0,0.0,0.0,0.0,0.0,0.0,0.0,0.0,0,0.0,0.0,0.0,0.0,0,0.0,0.0,0.0,0.0,0,0.0,0.0,0.0,0.0,0.0,0.0,0.0,0.0,0.0
Ayam Pop Padang,0,"Hewan Ayam, Bebek, Angsa, Kalkun, Unggas",260,0.0,0.0,0.0,0.0,0.0,0.0,0.0,0.0,0,0.0,0.0,0.0,0.0,0,0.0,0.0,0.0,0.0,0,0.0,0.0,0.0,0.0,0.0,0.0,0.0,0.0,0.0
Ayam Rica-Rica,0,"Hewan Ayam, Bebek, Angsa, Kalkun, Unggas",250,0.0,0.0,0.0,0.0,0.0,0.0,0.0,0.0,0,0.0,0.0,0.0,0.0,0,0.0,0.0,0.0,0.0,0,0.0,0.0,0.0,0.0,0.0,0.0,0.0,0.0,0.0
Ayam Taliwang,0,"Hewan Ayam, Bebek, Angsa, Kalkun, Unggas",230,0.0,0.0,0.0,0.0,0.0,0.0,0.0,0.0,0,0.0,0.0,0.0,0.0,0,0.0,0.0,0.0,0.0,0,0.0,0.0,0.0,0.0,0.0,0.0,0.0,0.0,0.0
Ayam Tangkap Aceh,0,"Hewan Ayam, Bebek, Angsa, Kalkun, Unggas",280,0.0,0.0,0.0,0.0,0.0,0.0,0.0,0.0,0,0.0,0.0,0.0,0.0,0,0.0,0.0,0.0,0.0,0,0.0,0.0,0.0,0.0,0.0,0.0,0.0,0.0,0.0
Ayam Woku Belanga,0,"Hewan Ayam, Bebek, Angsa, Kalkun, Unggas",220,0.0,0.0,0.0,0.0,0.0,0.0,0.0,0.0,0,0.0,0.0,0.0,0.0,0,0.0,0.0,0.0,0.0,0,0.0,0.0,0.0,0.0,0.0,0.0,0.0,0.0,0.0
"Ayam broiler, rotisserie, BBQ, daging dan kulit dada",Olahan,Daging & Unggas,175,26.37,7.67,0.09,0.09,0.0,16.0,244.0,0.51,25,276.0,329.0,0.86,0.041,0,0.078,0.139,9.303,0.307,11,0.3,11.0,0.0,0.33,0.0,1.958,3.131,0.945,90.0
"Ayam broilers atau fryers, dada, daging dan kulit, dimasak, digoreng, adonan",Olahan,Daging & Unggas,260,24.84,13.2,8.99,0.0,0.3,20.0,185.0,1.25,24,201.0,275.0,0.95,0.06,0,0.115,0.146,10.523,0.43,15,0.3,20.0,0.1,1.06,2.4,3.52,5.46,3.08,85.0
"Ayam buruan, daging dan kulit, dimasak, dipanggang",Olahan,Daging & Unggas,259,22.27,18.21,0.0,0.0,0.0,13.0,146.0,0.91,18,245.0,64.0,1.49,0.061,0.5,0.067,0.199,5.897,0.307,2,0.28,32.0,0.1,0.36,2.4,5.05,8.0,3.6,131.0
"Ayam komoditas USDA, kalengan, hanya daging, tiriskan",Olahan,Daging & Unggas,162,27.52,5.72,0.0,0.0,0.0,12.0,156.0,1.16,22,189.0,271.0,1.94,0.061,0,0.051,0.171,6.505,0.266,6,0.23,12.0,0.0,0.27,2.0,1.572,2.047,1.313,83.0
Ayam menyebar,Olahan,Daging & Unggas,158,18.01,17.56,4.05,0.47,0.3,16.0,89.0,0.87,12,106.0,722.0,1.15,0.04,0,0.009,0.114,2.748,0.15,3,0.13,30.0,0.0,0.0,0.0,3.23,4.8,2.35,56.0
"Ayam, ampela, semua kelas, dimasak, dididihkan",Olahan,Daging & Unggas,154,30.39,2.68,0.0,0.0,0.0,17.0,189.0,3.19,3,179.0,56.0,4.42,0.161,0,0.026,0.21,3.12,0.071,5,1.04,0.0,0.0,0.2,0.0,0.67,0.528,0.353,370.0
Babi Guling,Olahan,Hewan Pork (Babi) & olahannya,320,18.0,25.0,0.0,0.0,0.0,0.0,200.0,1.5,20,300.0,450.0,2.5,0.1,0.0,0.5,0.3,5.0,0.4,0,0.8,10.0,1.0,0.5,0.0,9.0,11.0,3.0,80.0
Babi Panggang Karo,0,Hewan Pork (Babi) & olahannya,350,0.0,0.0,0.0,0.0,0.0,0.0,0.0,0.0,0,0.0,0.0,0.0,0.0,0,0.0,0.0,0.0,0.0,0,0.0,0.0,0.0,0.0,0.0,0.0,0.0,0.0,0.0
Babi Rica-Rica,0,Hewan Pork (Babi) & olahannya,320,0.0,0.0,0.0,0.0,0.0,0.0,0.0,0.0,0,0.0,0.0,0.0,0.0,0,0.0,0.0,0.0,0.0,0,0.0,0.0,0.0,0.0,0.0,0.0,0.0,0.0,0.0
Babi dan Kacang Campbell,Olahan,Daging & Unggas,108,4.62,1.15,19.23,6.15,5.4,31.0,0.0,1.11,0,0.0,338.0,0.0,0.0,0,0.0,0.0,0.0,0.0,0,0.0,0.0,0.0,0.0,0.0,0.385,0.0,0.0,4.0
"Babi pinggang, segar, backribs, tulang-in, mentah, ramping saja",Mentah,Daging & Unggas,172,20.85,9.84,0.0,0.0,0.0,26.0,165.0,0.84,17,268.0,95.0,2.73,0.091,0,0.496,0.331,7.247,0.465,0,0.54,3.0,0.9,0.2,0.0,3.477,4.278,1.532,66.0
"Babi, acar hocks babi",Olahan,Daging & Unggas,171,19.11,10.54,0.0,0.0,0.0,19.0,60.0,1.14,6,47.0,1.05,2.38,0.082,0,0.08,0.068,1.1,0.064,1,0.51,23.0,0.0,0.17,0.0,3.231,5.134,1.198,89.0
"Bacon, pra-diiris, dikurangi / rendah sodium, tidak siap",Olahan,Daging & Unggas,407,12.53,39.27,0.83,0.83,0.0,4.0,180.0,0.42,12,506.0,470.0,1.19,0.047,0,0.0,0.0,0.0,0.0,0,0.5,0.0,0.0,0.43,0.0,0.0,0.0,0.0,0.0
"Bagel, gandum",Olahan,Serealia & Olahan,250,10.2,1.53,48.89,6.12,4.1,20.0,142.0,2.76,51,165.0,439.0,1.1,0.175,0,0.403,0.209,3.37,0.147,76,0.0,0.0,0.0,0.32,1.5,0.0,0.29,0.936,0.0
Bajigur,0,Minuman,150,0.0,0.0,0.0,0.0,0.0,0.0,0.0,0.0,0,0.0,0.0,0.0,0.0,0,0.0,0.0,0.0,0.0,0,0.0,0.0,0.0,0.0,0.0,0.0,0.0,0.0,0.0
"Bakeri Barat George, Thomas English Muffins",Olahan,Serealia & Olahan,232,8.0,1.8,46.0,0.0,0.0,180.0,0.0,1.4,0,0.0,345.0,0.0,0.0,0,0.0,0.0,0.0,0.0,40,0.0,0.0,0.0,0.0,0.0,0.308,0.303,0.92,0.0
"Bakeri George Weston, Campuran Sage Brownberry dan Bawang Merah, Kering",Mentah,Buah-buahan,390,13.3,5.1,72.7,0.0,5.4,0.0,0.0,3.81,0,0.0,1.68,0.0,0.0,0,0.0,0.0,0.0,0.0,0,0.0,0.0,0.0,0.0,0.0,0.9,2.04,0.761,0.0
Bakpia Pathok,0,Produk Panggang & olahannya,280,0.0,0.0,0.0,0.0,0.0,0.0,0.0,0.0,0,0.0,0.0,0.0,0.0,0,0.0,0.0,0.0,0.0,0,0.0,0.0,0.0,0.0,0.0,0.0,0.0,0.0,0.0
Bakso Babi,0,Hewan Pork (Babi) & olahannya,280,0.0,0.0,0.0,0.0,0.0,0.0,0.0,0.0,0,0.0,0.0,0.0,0.0,0,0.0,0.0,0.0,0.0,0,0.0,0.0,0.0,0.0,0.0,0.0,0.0,0.0,0.0
Bakso Kuah Sapi,0,"Sup, Saus, dan Kuah Daging/Kaldu",180,0.0,0.0,0.0,0.0,0.0,0.0,0.0,0.0,0,0.0,0.0,0.0,0.0,0,0.0,0.0,0.0,0.0,0,0.0,0.0,0.0,0.0,0.0,0.0,0.0,0.0,0.0
Bakso Sapi (Kuah),Olahan,"Hewan Kerbau, Sapi & olahannya",190,12.0,10.0,8.0,0.0,0.0,0.0,100.0,1.5,15,150.0,600.0,2.0,0.1,0.0,0.05,0.1,2.0,0.1,5,1.0,0.0,0.0,0.2,0.0,4.0,4.0,1.0,40.0
"Bakso, beku, gaya Italia",Olahan,Lainnya,286,14.4,22.21,8.06,3.47,2.3,80.0,239.0,1.77,31,296.0,666.0,1.66,0.123,0,0.136,0.23,3.108,0.202,36,1.0,22.0,0.1,0.42,8.2,7.627,9.188,3.346,66.0
Bakwan Jagung,Olahan,Makanan Pembuka dan Lauk,180,4.0,10.0,22.0,0.0,0.0,0.0,80.0,1.0,20,100.0,200.0,0.5,0.1,2.0,0.1,0.05,1.0,0.1,20,0.0,20.0,0.0,1.0,2.0,4.0,4.0,2.0,0.0
Bakwan Sayur (Bala-bala),0,Makanan Ringan,180,0.0,0.0,0.0,0.0,0.0,0.0,0.0,0.0,0,0.0,0.0,0.0,0.0,0,0.0,0.0,0.0,0.0,0,0.0,0.0,0.0,0.0,0.0,0.0,0.0,0.0,0.0
"Balutan krim, dibuat dengan krim asam dan / atau buttermilk dan minyak, mengurangi kalori, bebas kolesterol",Olahan,Susu & Olahan,140,1.0,8.0,16.0,3.28,0.0,36.0,100.0,0.26,5,49.0,932.0,0.18,0.0,0,0.01,0.06,0.04,0.02,4,0.1,18.0,0.0,4.92,34.8,1.355,3.391,2.891,0.0
Bandrek,0,Minuman,120,0.0,0.0,0.0,0.0,0.0,0.0,0.0,0.0,0,0.0,0.0,0.0,0.0,0,0.0,0.0,0.0,0.0,0,0.0,0.0,0.0,0.0,0.0,0.0,0.0,0.0,0.0
"Banquet, Salisbury Steak dengan Saus, Ukuran Keluarga, Beku, Tidak Disiapkan",Olahan,Bumbu,155,6.89,11.1,6.96,0.28,1.0,51.0,135.0,0.98,17,142.0,517.0,0.73,0.084,0,0.062,0.12,1.38,0.14,13,0.38,0.0,0.0,0.29,0.0,4.282,5.158,1.656,36.0
"Barel cracker, kentang goreng",Olahan,Umbi-umbian,255,3.26,13.18,30.87,0.86,3.5,19.0,117.0,0.69,32,551.0,43.0,0.42,0.123,0.9,0.117,0.056,2.417,0.236,29,0.0,0.0,0.0,1.34,32.1,2.369,3.156,6.833,0.0
"Barley, dikupas",Olahan,Serealia & Olahan,354,12.48,2.3,73.48,0.8,17.3,33.0,264.0,3.6,133,452.0,12.0,2.77,0.498,0,0.646,0.285,4.604,0.318,19,0.0,1.0,0.0,0.57,2.2,0.482,0.295,1.108,0.0
Basreng Pedas,0,Makanan Ringan,280,0.0,0.0,0.0,0.0,0.0,0.0,0.0,0.0,0,0.0,0.0,0.0,0.0,0,0.0,0.0,0.0,0.0,0,0.0,0.0,0.0,0.0,0.0,0.0,0.0,0.0,0.0
Batagor,Olahan,Makanan Ringan,290,10.0,18.0,20.0,0.0,0.0,0.0,150.0,1.5,30,200.0,400.0,1.0,0.2,1.0,0.1,0.1,1.0,0.1,10,0.5,10.0,0.0,2.0,2.0,8.0,7.0,2.0,30.0
Batagor Kuah,0,Makanan Pembuka dan Lauk,280,0.0,0.0,0.0,0.0,0.0,0.0,0.0,0.0,0,0.0,0.0,0.0,0.0,0,0.0,0.0,0.0,0.0,0,0.0,0.0,0.0,0.0,0.0,0.0,0.0,0.0,0.0
"Bawang Bombay, beku, cincang, tidak siap",Olahan,Sayuran,29,0.79,0.1,6.82,0.0,1.8,17.0,22.0,0.33,7,124.0,12.0,0.07,0.019,3.3,0.03,0.027,0.151,0.075,17,0.0,2.0,0.0,0.0,0.0,0.017,0.014,0.039,0.0
"Bawang Kucai, beku-kering",Mentah,Sayuran,311,21.2,3.5,64.29,0.0,26.2,813.0,518.0,20.0,640,2.96,70.0,5.12,0.686,660.0,0.9,1.5,5.9,1.996,108,0.0,3.415,0.0,0.0,0.0,0.591,0.49,1.369,0.0
"Bawang merah, beku-kering",Mentah,Sayuran,348,12.3,0.5,80.7,38.16,15.7,183.0,296.0,6.0,104,1.65,59.0,1.93,0.425,39.0,0.3,0.1,1.0,1.675,116,0.0,1.0,0.0,0.18,3.9,0.084,0.07,0.196,0.0
"Bawang putih, mentah",Mentah,Sayuran,149,6.36,0.5,33.06,1.0,2.1,181.0,153.0,1.7,25,401.0,17.0,1.16,0.299,31.2,0.2,0.11,0.7,1.235,3,0.0,0.0,0.0,0.08,1.7,0.089,0.011,0.249,0.0
"Bayam spinacia Selandia Baru, dimasak, direbus, dikeringkan, tanpa garam",Mentah,Daging & Unggas,12,1.3,0.17,2.13,0.25,1.4,48.0,22.0,0.66,32,102.0,107.0,0.31,0.077,16.0,0.03,0.107,0.39,0.237,8,0.0,0.0,0.0,1.23,292.0,0.027,0.005,0.071,0.0
Bayam spinacia Souffle,Mentah,Daging & Unggas,172,7.89,12.95,5.9,1.85,0.7,165.0,139.0,1.19,30,231.0,566.0,0.85,0.059,7.3,0.082,0.263,0.479,0.098,73,0.4,244.0,0.8,0.93,126.5,6.091,3.021,0.61,118.0
"Bayam spinacia, beku, cincang atau daun, dimasak, direbus, tiriskan, dengan garam",Olahan,Daging & Unggas,34,4.01,0.87,4.8,0.51,3.7,153.0,50.0,1.96,82,302.0,322.0,0.49,0.161,2.2,0.078,0.176,0.439,0.136,121,0.0,603.0,0.0,3.54,540.7,0.036,0.0,0.086,0.0
"Bear Naked, Double Chocolate Cookies",Olahan,Serealia & Olahan,423,6.6,16.9,66.9,35.2,7.0,0.0,88.0,3.7,54,471.0,200.0,0.8,0.0,0,0.07,0.04,0.3,0.0,2,0.0,0.0,0.2,0.0,0.0,4.1,8.4,4.2,0.0
Bebek Betutu,0,"Hewan Ayam, Bebek, Angsa, Kalkun, Unggas",300,0.0,0.0,0.0,0.0,0.0,0.0,0.0,0.0,0,0.0,0.0,0.0,0.0,0,0.0,0.0,0.0,0.0,0,0.0,0.0,0.0,0.0,0.0,0.0,0.0,0.0,0.0
Bebek Goreng,Olahan,"Hewan Ayam, Bebek, Angsa, Kalkun, Unggas",330,16.0,28.0,0.0,0.0,0.0,0.0,150.0,2.5,18,200.0,100.0,1.8,0.2,0.0,0.15,0.2,4.0,0.2,10,0.4,50.0,0.1,2.0,3.0,10.0,12.0,4.0,90.0
Bebek Sinjay (Goreng),0,"Hewan Ayam, Bebek, Angsa, Kalkun, Unggas",350,0.0,0.0,0.0,0.0,0.0,0.0,0.0,0.0,0,0.0,0.0,0.0,0.0,0,0.0,0.0,0.0,0.0,0,0.0,0.0,0.0,0.0,0.0,0.0,0.0,0.0,0.0
"Bebek, itik muda, jinak, Pekin Putih, dada, daging dan kulit, tanpa tulang, dimasak, dipanggang",Olahan,Daging & Unggas,202,24.5,10.85,0.0,0.0,0.0,8.0,0.0,3.26,0,0.0,84.0,0.0,0.0,2.8,0.0,0.0,7.855,0.0,0,0.0,0.0,0.0,0.0,0.0,2.922,5.428,1.632,136.0
"Beerwurst, bir salami, daging babi",Mentah,Daging & Unggas,238,14.24,18.8,2.06,0.0,0.0,8.0,103.0,0.76,13,253.0,1.24,1.72,0.05,0,0.554,0.192,3.254,0.35,3,0.87,0.0,0.9,0.0,0.0,6.28,8.98,2.36,59.0
"Bekatul gandum, mentah",Mentah,Serealia & Olahan,216,15.55,4.25,64.51,0.41,42.8,73.0,1.013,10.57,611,1.182,2.0,7.27,0.998,0,0.523,0.577,13.578,1.303,79,0.0,0.0,0.0,1.49,1.9,0.63,0.637,2.212,0.0
"Bekatul jagung, mentah",Mentah,Serealia & Olahan,224,8.36,0.92,85.64,0.0,79.0,42.0,72.0,2.79,64,44.0,7.0,1.56,0.248,0,0.01,0.1,2.735,0.152,4,0.0,4.0,0.0,0.42,0.3,0.13,0.243,0.421,0.0
"Bekatul, minyak mentah",Mentah,Minyak & Lemak,316,13.35,20.85,49.69,0.9,21.0,57.0,1.677,18.54,781,1.485,5.0,6.04,0.728,0,2.753,0.284,33.995,4.07,63,0.0,0.0,0.0,4.92,1.9,4.171,7.549,7.459,0.0
"Belibis kasar, daging dada, tanpa kulit, mentah",Mentah,Daging & Unggas,112,25.94,0.88,0.0,0.0,0.0,5.0,229.0,0.58,32,311.0,50.0,0.51,0.058,0,0.042,0.28,11.6,1.275,0,2.9,5.0,0.0,0.73,0.0,0.13,0.042,0.132,40.0
"Belimbing Manis (Carambola), mentah",Mentah,Lainnya,31,1.04,0.33,6.73,3.98,2.8,3.0,12.0,0.08,10,133.0,2.0,0.12,0.137,34.4,0.014,0.016,0.367,0.017,12,0.0,3.0,0.0,0.15,0.0,0.019,0.03,0.184,0.0
"Bengkuang (Yambean/Jicama), dimasak, direbus, tiriskan, dengan garam",Olahan,Kacang-kacangan,36,0.72,0.09,8.23,0.0,0.0,11.0,16.0,0.57,11,135.0,242.0,0.15,0.046,14.1,0.017,0.028,0.19,0.04,8,0.0,0.0,0.0,0.0,0.0,0.0,0.0,0.0,0.0
"Beras, putih, berbutir panjang, matang atau instan, diperkaya, kering",Mentah,Serealia & Olahan,380,7.82,0.94,82.32,0.05,1.9,22.0,118.0,6.3,14,27.0,10.0,1.43,0.177,0,0.926,0.028,7.005,0.122,275,0.0,0.0,0.0,0.04,0.1,0.152,0.144,0.219,0.0
"Berbau, kering (asli Alaska)",Mentah,Lainnya,386,56.19,17.9,0.0,0.0,0.0,1.6,1.4,5.4,89,1.0,420.0,6.7,0.148,0,0.073,0.262,5.97,0.176,0,19.1,139.0,0.0,4.51,0.0,3.59,6.86,2.884,249.0
"Beruang, hitam, daging (asli Alaska)",Mentah,Daging & Unggas,155,20.1,8.3,0.0,0.0,0.0,0.0,162.0,7.2,0,0.0,0.0,0.0,0.0,0,0.16,0.68,3.2,0.0,0,0.0,0.0,0.0,0.0,0.0,0.0,0.0,0.0,0.0
"Bibit gandum, mentah",Mentah,Serealia & Olahan,360,23.15,9.72,51.8,0.0,13.2,39.0,842.0,6.26,239,892.0,12.0,12.29,0.796,0,1.882,0.499,6.813,1.3,281,0.0,0.0,0.0,0.0,0.0,1.665,1.365,6.01,0.0
"Bidara, dikeringkan",Mentah,Lainnya,281,4.72,0.5,72.52,0.0,6.0,63.0,68.0,5.09,0,217.0,5.0,0.39,0.233,217.6,0.047,0.053,0.0,0.0,0,0.0,0.0,0.0,0.0,0.0,0.0,0.0,0.0,0.0
Bihun Ayam,0,"Flora Sereal Biji-Bijian, Pasta & olahannya",222,0.0,0.0,0.0,0.0,0.0,0.0,0.0,0.0,0,0.0,0.0,0.0,0.0,0,0.0,0.0,0.0,0.0,0,0.0,0.0,0.0,0.0,0.0,0.0,0.0,0.0,0.0
Bihun Goreng Jawa,0,"Flora Sereal Biji-Bijian, Pasta & olahannya",300,0.0,0.0,0.0,0.0,0.0,0.0,0.0,0.0,0,0.0,0.0,0.0,0.0,0,0.0,0.0,0.0,0.0,0,0.0,0.0,0.0,0.0,0.0,0.0,0.0,0.0,0.0
Bihun Keju,0,"Flora Sereal Biji-Bijian, Pasta & olahannya",246,0.0,0.0,0.0,0.0,0.0,0.0,0.0,0.0,0,0.0,0.0,0.0,0.0,0,0.0,0.0,0.0,0.0,0,0.0,0.0,0.0,0.0,0.0,0.0,0.0,0.0,0.0
Bihun Madu,0,"Flora Sereal Biji-Bijian, Pasta & olahannya",226,0.0,0.0,0.0,0.0,0.0,0.0,0.0,0.0,0,0.0,0.0,0.0,0.0,0,0.0,0.0,0.0,0.0,0,0.0,0.0,0.0,0.0,0.0,0.0,0.0,0.0,0.0
Bihun Mentega,0,"Flora Sereal Biji-Bijian, Pasta & olahannya",229,0.0,0.0,0.0,0.0,0.0,0.0,0.0,0.0,0,0.0,0.0,0.0,0.0,0,0.0,0.0,0.0,0.0,0,0.0,0.0,0.0,0.0,0.0,0.0,0.0,0.0,0.0
Bihun Pedas,0,"Flora Sereal Biji-Bijian, Pasta & olahannya",236,0.0,0.0,0.0,0.0,0.0,0.0,0.0,0.0,0,0.0,0.0,0.0,0.0,0,0.0,0.0,0.0,0.0,0,0.0,0.0,0.0,0.0,0.0,0.0,0.0,0.0,0.0
Bihun Sapi,0,"Flora Sereal Biji-Bijian, Pasta & olahannya",214,0.0,0.0,0.0,0.0,0.0,0.0,0.0,0.0,0,0.0,0.0,0.0,0.0,0,0.0,0.0,0.0,0.0,0,0.0,0.0,0.0,0.0,0.0,0.0,0.0,0.0,0.0
Bihun Seafood,0,"Flora Sereal Biji-Bijian, Pasta & olahannya",241,0.0,0.0,0.0,0.0,0.0,0.0,0.0,0.0,0,0.0,0.0,0.0,0.0,0,0.0,0.0,0.0,0.0,0,0.0,0.0,0.0,0.0,0.0,0.0,0.0,0.0,0.0
Bihun Spesial,0,"Flora Sereal Biji-Bijian, Pasta & olahannya",237,0.0,0.0,0.0,0.0,0.0,0.0,0.0,0.0,0,0.0,0.0,0.0,0.0,0,0.0,0.0,0.0,0.0,0,0.0,0.0,0.0,0.0,0.0,0.0,0.0,0.0,0.0
"Bihun, terbuat dari kedelai",Olahan,Kacang-kacangan,331,0.1,0.1,82.32,17.44,3.9,55.0,20.0,1.81,2,3.0,4.0,4.24,1.916,0,0.0,0.0,0.0,0.0,0,0.0,2.0,0.0,0.51,3.8,0.014,0.013,0.041,0.0
"Biji Alfalfa, kecambah, mentah",Mentah,Lainnya,23,3.99,0.69,2.1,0.2,1.9,32.0,70.0,0.96,27,79.0,6.0,0.92,0.157,8.2,0.076,0.126,0.481,0.034,36,0.0,8.0,0.0,0.02,30.5,0.069,0.056,0.409,0.0
Biji Kelabat (Klabet),Olahan,Lainnya,323,23.0,6.41,58.35,0.0,24.6,176.0,296.0,33.53,191,770.0,67.0,2.5,1.11,3.0,0.322,0.366,1.64,0.6,57,0.0,3.0,0.0,0.0,0.0,1.46,0.0,0.0,0.0
"Biji Labu Kuning, dipanggang, dengan garam",Olahan,Sayuran,574,29.84,49.05,14.71,1.29,6.5,52.0,1.174,8.07,550,788.0,256.0,7.64,1.275,1.8,0.07,0.15,4.43,0.1,57,0.0,0.0,0.0,0.56,4.5,8.544,15.734,19.856,0.0
"Biji Labu Parang/Kuning, dimasak, dipanggang, dengan garam",Olahan,Sayuran,56,1.12,0.14,14.58,0.0,4.4,44.0,45.0,0.93,43,437.0,240.0,0.17,0.086,10.8,0.167,0.013,0.881,0.194,19,0.0,21.0,0.0,0.0,0.0,0.029,0.01,0.059,0.0
"Biji Mustard, tanah",Olahan,Lainnya,508,26.08,36.24,28.09,6.79,12.2,266.0,828.0,9.21,370,738.0,13.0,6.08,0.645,7.1,0.805,0.261,4.733,0.397,162,0.0,2.0,0.0,5.07,5.4,1.989,22.518,10.088,0.0
Biji Salak (Kolak),0,Flora Kacang. Biji & olahannya,250,0.0,0.0,0.0,0.0,0.0,0.0,0.0,0.0,0,0.0,0.0,0.0,0.0,0,0.0,0.0,0.0,0.0,0,0.0,0.0,0.0,0.0,0.0,0.0,0.0,0.0,0.0
Biji adas fennel,Olahan,Lainnya,345,15.8,14.87,52.29,0.0,39.8,1.196,487.0,18.54,385,1.694,88.0,3.7,1.067,21.0,0.408,0.353,6.05,0.47,0,0.0,7.0,0.0,0.0,0.0,0.48,9.91,1.69,0.0
Biji adas manis,Olahan,Lainnya,337,17.6,15.9,50.02,0.0,14.6,646.0,440.0,36.96,170,1.441,16.0,5.3,0.91,21.0,0.34,0.29,3.06,0.65,10,0.0,16.0,0.0,0.0,0.0,0.586,9.78,3.15,0.0
Biji adas sowa (dill),Olahan,Lainnya,305,15.98,14.54,55.17,0.0,21.1,1.516,277.0,16.33,256,1.186,20.0,5.2,0.78,21.0,0.418,0.284,2.807,0.25,10,0.0,3.0,0.0,0.0,0.0,0.73,9.41,1.01,0.0
"Biji bayam, dimasak",Olahan,Daging & Unggas,102,3.8,1.58,18.69,0.0,2.1,47.0,148.0,2.1,65,135.0,6.0,0.86,0.149,0,0.015,0.022,0.235,0.113,22,0.0,0.0,0.0,0.19,0.0,0.0,0.0,0.0,0.0
"Biji bunga matahari dari cangkang, dipanggang kering, ditambah garam",Mentah,Bumbu,546,19.33,49.8,15.31,2.73,9.0,70.0,1.155,3.8,129,850.0,6.008,5.29,1.83,1.4,0.106,0.246,7.042,0.804,237,0.0,0.0,0.0,26.1,2.7,5.219,9.505,32.884,0.0
"Biji bunga matahari, kernel, dipanggang minyak, dengan garam",Olahan,Minyak & Lemak,592,20.06,51.3,22.89,3.11,10.6,87.0,1.139,4.28,127,483.0,733.0,5.21,1.804,1.1,0.32,0.28,4.13,0.792,234,0.0,0.0,0.0,36.33,3.1,7.068,8.063,34.294,0.0
"Biji jagung, kuning",Olahan,Serealia & Olahan,365,9.42,4.74,74.26,0.64,7.3,7.0,210.0,2.71,127,287.0,35.0,2.21,0.314,0,0.385,0.201,3.627,0.622,19,0.0,11.0,0.0,0.49,0.3,0.667,1.251,2.163,0.0
Biji jintan hitam (caraway seed),Mentah,Lainnya,333,19.77,14.59,49.9,0.64,38.0,689.0,568.0,16.23,258,1.351,17.0,5.5,0.91,21.0,0.383,0.379,3.606,0.36,10,0.0,18.0,0.0,2.5,0.0,0.62,7.125,3.272,0.0
Biji jinten putih (cumin seed),Olahan,Lainnya,375,17.81,22.27,44.24,2.25,10.5,931.0,499.0,66.36,366,1.788,168.0,4.8,0.867,7.7,0.628,0.327,4.579,0.435,10,0.0,64.0,0.0,3.33,5.4,1.535,14.04,3.279,0.0
Biji ketumbar,Olahan,Lainnya,298,12.37,17.77,54.99,0.0,41.9,709.0,409.0,16.32,330,1.267,35.0,4.7,0.975,21.0,0.239,0.29,2.13,0.0,0,0.0,0.0,0.0,0.0,0.0,0.99,13.58,1.75,0.0
"Biji lobak radish, tumbuh, mentah",Mentah,Lainnya,43,3.81,2.53,3.6,0.0,0.0,51.0,113.0,0.86,44,86.0,6.0,0.56,0.12,28.9,0.102,0.103,2.853,0.285,95,0.0,20.0,0.0,0.0,0.0,0.767,0.419,1.141,0.0
Biji seledri,Olahan,Lainnya,392,18.07,25.27,41.35,0.67,11.8,1.767,547.0,44.9,440,1.4,160.0,6.93,1.37,17.1,0.34,0.29,3.06,0.89,10,0.0,3.0,0.0,1.07,0.0,2.19,15.93,3.72,0.0
"Biji semangka, kernel, kering",Mentah,Buah-buahan,557,28.33,47.37,15.31,0.0,0.0,54.0,755.0,7.28,515,648.0,99.0,10.24,0.686,0,0.19,0.145,3.55,0.089,58,0.0,0.0,0.0,0.0,0.0,9.779,7.407,28.094,0.0
"Biji sukun, dipanggang",Olahan,Lainnya,207,6.2,2.7,40.1,0.0,6.0,86.0,175.0,0.9,62,1.082,28.0,1.03,1.321,7.6,0.41,0.24,7.4,0.42,59,0.0,15.0,0.0,0.0,0.0,0.729,0.344,1.438,0.0
"Biji teratai, kering",Mentah,Lainnya,332,15.41,1.97,64.47,0.0,0.0,163.0,626.0,3.53,210,1.368,5.0,1.05,0.35,0,0.64,0.15,1.6,0.629,104,0.0,3.0,0.0,0.0,0.0,0.33,0.388,1.166,0.0
"Biji wijen, kernel, dikeringkan (dideportasi)",Mentah,Lainnya,631,20.45,61.21,11.73,0.48,11.6,60.0,667.0,6.36,345,370.0,47.0,6.73,1.4,0,0.699,0.09,5.8,0.4,115,0.0,3.0,0.0,1.68,0.0,9.055,23.924,25.491,0.0
"Biji, biji chia, kering",Mentah,Lainnya,486,16.54,30.74,42.12,0.0,34.4,631.0,860.0,7.72,335,407.0,16.0,4.58,0.924,1.6,0.62,0.17,8.83,0.0,49,0.0,0.0,0.0,0.5,0.0,3.33,2.309,23.665,0.0
Bika Ambon,0,Makanan Ringan,220,0.0,0.0,0.0,0.0,0.0,0.0,0.0,0.0,0,0.0,0.0,0.0,0.0,0,0.0,0.0,0.0,0.0,0,0.0,0.0,0.0,0.0,0.0,0.0,0.0,0.0,0.0
Biskuit Milna,0,Makanan Bayi,100,0.0,0.0,0.0,0.0,0.0,0.0,0.0,0.0,0,0.0,0.0,0.0,0.0,0,0.0,0.0,0.0,0.0,0,0.0,0.0,0.0,0.0,0.0,0.0,0.0,0.0,0.0
"Biskuit sarapan sosis, telur, dan keju",Olahan,Susu & Olahan,324,9.54,22.13,21.57,3.1,2.0,136.0,298.0,1.85,16,269.0,591.0,0.99,0.07,0.1,0.245,0.32,2.183,0.123,52,0.59,176.0,0.7,1.56,1.8,8.595,8.539,3.881,78.0
"Biskuit, campuran gandum, adonan dingin",Olahan,Serealia & Olahan,263,6.1,5.6,47.4,0.0,0.0,17.0,236.0,2.75,30,456.0,670.0,0.6,0.115,0,0.39,0.21,3.4,0.065,83,0.0,0.0,0.0,0.0,0.0,1.366,2.932,0.88,0.0
"Bison, ditumbuk, diberi makan rumput, dimasak",Olahan,Lainnya,179,25.45,8.62,0.0,0.0,0.0,14.0,213.0,3.19,23,353.0,76.0,5.34,0.151,0,0.139,0.264,5.966,0.401,16,2.44,0.0,0.0,0.2,1.3,3.489,3.293,0.402,71.0
"Bit Tender Loma Linda, Kalengan, Tidak Siap",Olahan,Lainnya,135,15.1,4.6,8.3,0.6,4.3,17.0,88.0,1.6,0,65.0,613.0,1.0,0.0,0,0.5,0.6,6.6,0.1,0,0.1,0.0,0.0,0.0,0.0,0.7,1.1,2.6,0.0
"Bit hijau, dimasak, direbus, tiriskan, dengan garam",Olahan,Bumbu,27,2.57,0.2,5.46,0.6,2.9,114.0,41.0,1.9,68,909.0,477.0,0.5,0.251,24.9,0.117,0.289,0.499,0.132,14,0.0,383.0,0.0,1.81,484.0,0.031,0.038,0.07,0.0
"Bit, acar, kalengan, padatan dan cairan",Olahan,Minuman,65,0.8,0.08,16.28,11.05,0.8,11.0,17.0,0.41,15,115.0,149.0,0.26,0.116,2.3,0.01,0.048,0.251,0.05,27,0.0,2.0,0.0,0.06,0.3,0.013,0.016,0.029,0.0
"Blackberry, beku, tanpa pemanis",Olahan,Buah-buahan,64,1.18,0.43,15.67,10.67,5.0,29.0,30.0,0.8,22,140.0,1.0,0.25,0.12,3.1,0.029,0.046,1.207,0.061,34,0.0,6.0,0.0,1.17,19.8,0.015,0.041,0.245,0.0
"Blewah, mentah",Mentah,Lainnya,34,0.84,0.19,8.16,7.86,0.9,9.0,15.0,0.21,12,267.0,16.0,0.18,0.041,36.7,0.041,0.019,0.734,0.072,21,0.0,169.0,0.0,0.05,2.5,0.051,0.003,0.081,0.0
"Blueberry, beku, manis",Olahan,Buah-buahan,85,0.4,0.13,21.95,19.72,2.2,6.0,7.0,0.39,2,60.0,1.0,0.06,0.039,1.0,0.02,0.052,0.253,0.059,7,0.0,2.0,0.0,0.52,17.7,0.011,0.018,0.057,0.0
"Bockwurst, daging babi, sapi muda, mentah",Mentah,Daging & Unggas,301,14.03,25.87,2.95,1.33,1.0,41.0,169.0,1.15,26,270.0,756.0,2.07,0.1,3.2,0.193,0.233,5.616,0.378,17,0.86,15.0,0.0,0.38,70.2,10.256,13.138,2.328,93.0
"Bologna, ayam, babi",Olahan,Daging & Unggas,336,10.31,30.61,4.19,0.0,0.0,196.0,223.0,1.12,16,162.0,1.24,1.04,0.039,13.2,0.063,0.129,3.68,0.19,13,0.5,13.0,0.0,0.64,0.6,9.863,13.172,4.348,87.0
Bolu Kukus,0,Produk Panggang & olahannya,200,0.0,0.0,0.0,0.0,0.0,0.0,0.0,0.0,0,0.0,0.0,0.0,0.0,0,0.0,0.0,0.0,0.0,0,0.0,0.0,0.0,0.0,0.0,0.0,0.0,0.0,0.0
"Borage, dimasak, direbus, tiriskan, dengan garam",Olahan,Bumbu,25,2.09,0.81,3.55,0.0,0.0,102.0,55.0,3.64,57,491.0,324.0,0.22,0.143,32.5,0.059,0.165,0.94,0.088,10,0.0,219.0,0.0,0.0,0.0,0.197,0.245,0.127,0.0
"Boysenberry, beku, tanpa pemanis",Olahan,Buah-buahan,50,1.1,0.26,12.19,6.89,5.3,27.0,27.0,0.85,16,139.0,1.0,0.22,0.08,3.1,0.053,0.037,0.767,0.056,63,0.0,3.0,0.0,0.87,7.8,0.009,0.025,0.148,0.0
"Bratwurst, ayam, dimasak",Olahan,Daging & Unggas,176,19.44,10.35,0.0,0.0,0.0,11.0,160.0,0.87,23,211.0,72.0,1.43,0.05,2.0,0.067,0.133,7.551,0.385,6,0.34,30.0,0.0,0.0,0.0,0.0,0.0,0.0,71.0
"Braunschweiger (sosis hati), babi",Olahan,Daging & Unggas,327,14.5,28.5,3.1,0.0,0.0,9.0,168.0,11.2,11,199.0,977.0,2.81,0.24,0,0.249,1.525,8.368,0.33,44,20.09,4.22,1.2,0.35,1.6,9.307,12.731,3.193,180.0
"Bread Tennis, plain (Apache)",Olahan,Serealia & Olahan,258,9.0,1.05,53.26,3.01,2.6,67.0,160.0,3.4,28,100.0,810.0,0.53,0.03,0,0.69,0.291,3.41,0.059,162,0.0,0.0,0.0,0.07,0.2,0.27,0.12,0.59,0.0
"Broadbeans (kacang fava), biji matang, dimasak, direbus, dengan garam",Olahan,Kacang-kacangan,110,7.6,0.4,19.65,1.82,5.4,36.0,125.0,1.5,43,268.0,241.0,1.01,0.259,0.3,0.097,0.089,0.711,0.072,104,0.0,1.0,0.0,0.02,2.9,0.066,0.079,0.164,0.0
"Broadbeans, biji belum matang, dimasak, direbus, dikeringkan, dengan garam",Mentah,Kacang-kacangan,62,4.8,0.5,10.1,0.0,0.0,18.0,73.0,1.5,31,193.0,277.0,0.47,0.06,19.8,0.128,0.09,1.2,0.029,58,0.0,14.0,0.0,0.0,0.0,0.142,0.02,0.303,0.0
"Brokoli raab/rabe, dimasak",Olahan,Sayuran,33,3.83,0.52,3.12,0.62,2.8,118.0,82.0,1.27,27,343.0,56.0,0.54,0.075,37.0,0.169,0.14,2.015,0.22,71,0.0,227.0,0.0,2.53,256.0,0.057,0.03,0.15,0.0
"Brokoli, batang, mentah",Mentah,Sayuran,28,2.98,0.35,5.24,0.0,0.0,48.0,66.0,0.88,25,325.0,27.0,0.4,0.045,93.2,0.065,0.119,0.638,0.159,71,0.0,20.0,0.0,0.0,0.0,0.054,0.024,0.167,0.0
"Brotwurst, daging babi, sapi, links",Mentah,Daging & Unggas,323,14.3,27.8,2.98,2.98,0.0,48.0,134.0,1.03,16,281.0,1.112,2.1,0.08,0,0.25,0.23,3.3,0.13,5,2.05,0.0,0.3,0.27,0.0,9.93,13.34,2.83,63.0
Brownies Kukus,0,Produk Panggang & olahannya,350,0.0,0.0,0.0,0.0,0.0,0.0,0.0,0.0,0,0.0,0.0,0.0,0.0,0,0.0,0.0,0.0,0.0,0,0.0,0.0,0.0,0.0,0.0,0.0,0.0,0.0,0.0
"Buah Kelor, dimasak, direbus, dikeringkan, dengan garam",Mentah,Bumbu,36,2.09,0.19,8.18,0.0,4.2,20.0,49.0,0.45,42,457.0,279.0,0.42,0.078,97.0,0.046,0.068,0.59,0.112,30,0.0,4.0,0.0,0.0,0.0,0.0,0.0,0.0,0.0
"Buah Kiwi, hijau, mentah",Mentah,Lainnya,61,1.14,0.52,14.66,8.99,3.0,34.0,34.0,0.31,17,312.0,3.0,0.14,0.13,92.7,0.027,0.025,0.341,0.063,25,0.0,4.0,0.0,1.46,40.3,0.029,0.047,0.287,0.0
Buah Naga Merah,0,Flora Buah dan Jus Buah,60,0.0,0.0,0.0,0.0,0.0,0.0,0.0,0.0,0,0.0,0.0,0.0,0.0,0,0.0,0.0,0.0,0.0,0,0.0,0.0,0.0,0.0,0.0,0.0,0.0,0.0,0.0
"Buah ara, dikeringkan, direbus",Mentah,Lainnya,107,1.42,0.4,27.57,23.35,4.2,70.0,29.0,0.88,29,294.0,4.0,0.24,0.124,4.4,0.011,0.11,0.64,0.133,1,0.0,0.0,0.0,0.15,6.7,0.062,0.068,0.149,0.0
"Buah delima, mentah",Mentah,Lainnya,83,1.67,1.17,18.7,13.67,4.0,10.0,36.0,0.3,12,236.0,3.0,0.35,0.158,10.2,0.067,0.053,0.293,0.075,38,0.0,0.0,0.0,0.6,16.4,0.12,0.093,0.079,0.0
"Buah persik, didehidrasi (kelembaban rendah), belerang, tidak dimasak",Olahan,Lainnya,325,4.89,1.03,83.18,0.0,0.0,38.0,162.0,5.51,57,1.351,10.0,0.78,0.493,10.6,0.039,0.11,4.825,0.159,7,0.0,71.0,0.0,0.0,0.0,0.111,0.377,0.498,0.0
Bubuk Bawang Bombay,Olahan,Sayuran,341,10.41,1.04,79.12,6.63,15.2,384.0,322.0,3.9,113,985.0,73.0,4.05,0.59,23.4,0.457,0.08,0.321,0.718,64,0.0,0.0,0.0,0.27,4.1,0.219,0.202,0.31,0.0
Bubuk tomat,Mentah,Sayuran,302,12.91,0.44,74.68,43.9,16.5,166.0,295.0,4.56,178,1.927,134.0,1.71,1.241,116.7,0.913,0.761,9.133,0.457,120,0.0,862.0,0.0,12.25,48.8,0.062,0.066,0.179,0.0
Bubur Ayam,Olahan,Flora Sereal (Sarapan),155,7.0,5.0,18.0,0.0,0.0,0.0,80.0,1.2,15,100.0,350.0,1.0,0.1,2.0,0.05,0.1,2.0,0.1,10,0.2,50.0,0.0,0.5,1.0,1.5,2.0,1.0,25.0
Bubur Ketan Hitam,0,Flora Kacang. Biji & olahannya,180,0.0,0.0,0.0,0.0,0.0,0.0,0.0,0.0,0,0.0,0.0,0.0,0.0,0,0.0,0.0,0.0,0.0,0,0.0,0.0,0.0,0.0,0.0,0.0,0.0,0.0,0.0
Bubur Manado (Tinutuan),0,Flora Sereal (Sarapan),220,0.0,0.0,0.0,0.0,0.0,0.0,0.0,0.0,0,0.0,0.0,0.0,0.0,0,0.0,0.0,0.0,0.0,0,0.0,0.0,0.0,0.0,0.0,0.0,0.0,0.0,0.0
Bubur Pedas Sambas,0,"Makanan Tradisional (Indian Amerika, Alaska)",250,0.0,0.0,0.0,0.0,0.0,0.0,0.0,0.0,0,0.0,0.0,0.0,0.0,0,0.0,0.0,0.0,0.0,0,0.0,0.0,0.0,0.0,0.0,0.0,0.0,0.0,0.0
Bubur Tim Hati Ayam,0,Makanan Bayi,120,0.0,0.0,0.0,0.0,0.0,0.0,0.0,0.0,0,0.0,0.0,0.0,0.0,0,0.0,0.0,0.0,0.0,0,0.0,0.0,0.0,0.0,0.0,0.0,0.0,0.0,0.0
"Bubur jagung, kalengan, kuning",Olahan,Serealia & Olahan,72,1.48,0.88,14.26,0.0,2.5,10.0,35.0,0.62,16,9.0,345.0,1.05,0.03,0,0.003,0.006,0.033,0.005,1,0.0,0.0,0.0,0.0,0.0,0.123,0.231,0.399,0.0
"Bubur naranjilla (lulo), beku, tanpa pemanis",Olahan,Lainnya,25,0.44,0.22,5.9,3.74,1.1,8.0,12.0,0.35,11,200.0,4.0,0.1,0.028,3.2,0.045,0.0,1.45,0.107,3,0.0,28.0,0.0,0.75,14.6,0.0,0.0,0.0,0.0
Bubur/bubuk Prem,Olahan,Lainnya,257,2.1,0.2,65.1,39.0,3.3,31.0,72.0,2.8,0,852.0,23.0,0.0,0.0,4.3,0.04,0.0,2.5,0.0,0,0.0,100.0,0.0,0.0,0.0,0.016,0.0,0.0,0.0
"Bulgur, dimasak",Olahan,Lainnya,83,3.08,0.24,18.58,0.1,4.5,10.0,40.0,0.96,32,68.0,5.0,0.57,0.075,0,0.057,0.028,1.0,0.083,18,0.0,0.0,0.0,0.01,0.5,0.042,0.031,0.098,0.0
Bumbu Pecel (Pasta),0,Flora Rempah dan Herbal,450,0.0,0.0,0.0,0.0,0.0,0.0,0.0,0.0,0,0.0,0.0,0.0,0.0,0,0.0,0.0,0.0,0.0,0,0.0,0.0,0.0,0.0,0.0,0.0,0.0,0.0,0.0
"Bumbu, bubuk bawang putih",Olahan,Sayuran,331,16.55,0.73,72.73,2.43,9.0,79.0,414.0,5.65,77,1.193,60.0,2.99,0.533,1.2,0.435,0.141,0.796,1.654,47,0.0,0.0,0.0,0.67,0.4,0.249,0.115,0.178,0.0
"Buncis (kacang garbanzo, bengal gram), biji matang, kalengan, tiriskan, dibilas dengan air keran",Olahan,Kacang-kacangan,138,7.04,2.47,22.87,4.0,6.3,43.0,80.0,0.98,24,109.0,212.0,0.59,0.25,0.1,0.025,0.015,0.125,0.116,41,0.0,1.0,0.0,0.29,3.4,0.213,0.485,0.962,0.0
"Buncis, biji belum matang, dimasak, direbus, dikeringkan, dengan garam",Mentah,Sayuran,50,2.95,0.27,9.2,0.0,0.0,41.0,49.0,0.76,42,262.0,238.0,0.38,0.048,5.1,0.056,0.088,0.48,0.023,47,0.0,7.0,0.0,0.0,0.0,0.119,0.129,0.01,0.0
"Bunga Labu Kuning, dimasak, direbus, tiriskan, dengan garam",Olahan,Sayuran,15,1.09,0.08,3.18,2.4,0.9,37.0,34.0,0.88,25,106.0,242.0,0.1,0.1,5.0,0.018,0.032,0.31,0.05,41,0.0,87.0,0.0,0.04,0.0,0.041,0.01,0.004,0.0
"Bunga turi/sesbania, dimasak, dikukus, dengan garam",Olahan,Bumbu,21,1.14,0.05,5.1,0.0,0.0,22.0,21.0,0.56,12,107.0,247.0,0.0,0.0,37.0,0.048,0.043,0.25,0.0,57,0.0,0.0,0.0,0.0,0.0,0.0,0.0,0.0,0.0
"Bungkil, dihilangkan lemaknya, mentah",Mentah,Kacang-kacangan,337,49.2,2.39,35.89,0.0,0.0,244.0,701.0,13.7,306,2.49,3.0,5.06,2.0,0,0.691,0.251,2.587,0.569,303,0.0,2.0,0.0,0.0,0.0,0.268,0.409,1.045,0.0
Burger Daging Sapi,Olahan,Makanan Cepat Saji,250,13.0,10.0,30.0,0.0,0.0,0.0,120.0,2.0,20,200.0,500.0,2.0,0.1,1.0,0.2,0.2,3.0,0.1,40,0.5,10.0,0.0,0.5,2.0,4.0,4.0,1.0,30.0
"Burger King, Burger Keju",Olahan,Susu & Olahan,286,14.57,14.81,23.71,4.49,1.0,93.0,143.0,2.5,24,178.0,602.0,2.4,0.11,0.2,0.303,0.24,3.4,0.09,0,0.0,0.0,0.0,0.1,5.7,6.842,5.704,1.521,45.0
Burger,0,Makanan Cepat Saji,220,0.0,0.0,0.0,0.0,0.0,0.0,0.0,0.0,0,0.0,0.0,0.0,0.0,0,0.0,0.0,0.0,0.0,0,0.0,0.0,0.0,0.0,0.0,0.0,0.0,0.0,0.0
"Burger sayuran atau pembuat kedelai, tidak siap",Olahan,Daging & Unggas,177,15.7,6.3,14.27,1.07,4.9,136.0,206.0,2.41,56,333.0,569.0,1.26,0.2,4.5,2.651,0.244,3.753,0.303,124,2.01,1.0,0.0,0.23,4.2,1.44,1.778,2.023,5.0
"Burrito, daging sapi dan kacang, beku",Mentah,Daging & Unggas,239,7.26,9.61,30.84,0.7,4.2,34.0,72.0,2.96,32,221.0,587.0,0.99,0.211,0.8,0.393,0.236,2.889,0.09,80,0.0,11.0,0.0,0.64,6.8,2.949,3.789,1.358,8.0
"Burung hantu, bertanduk, daging, mentah (asli Alaska)",Mentah,Daging & Unggas,136,22.7,5.0,0.0,0.0,0.0,16.0,218.0,4.8,0,0.0,0.0,0.0,0.0,0,0.0,0.0,0.0,0.0,0,0.0,0.0,0.0,0.0,0.0,0.0,0.0,0.0,0.0
"Burung unta, bulat, mentah",Mentah,Lainnya,116,21.99,2.4,0.0,0.0,0.0,5.0,216.0,3.54,22,315.0,72.0,3.8,0.139,0,0.198,0.29,4.761,0.517,8,5.01,0.0,0.0,0.2,0.0,0.81,0.85,0.52,71.0
"Burung, Dada, hanya daging, mentah",Mentah,Daging & Unggas,133,24.37,3.25,0.0,0.0,0.0,3.0,200.0,0.79,21,242.0,33.0,0.63,0.046,6.0,0.081,0.119,8.554,0.74,4,0.84,44.0,0.0,0.0,0.0,1.1,1.04,0.55,58.0
Butir sorgum,Olahan,Lainnya,329,10.62,3.46,72.09,2.53,6.7,13.0,289.0,3.36,165,363.0,2.0,1.67,0.284,0,0.332,0.096,3.688,0.443,20,0.0,0.0,0.0,0.5,0.0,0.61,1.131,1.558,0.0
"Butterbur, (fuki), mentah",Mentah,Minyak & Lemak,14,0.39,0.04,3.61,0.0,0.0,103.0,12.0,0.1,14,655.0,7.0,0.16,0.103,31.5,0.02,0.02,0.2,0.096,10,0.0,3.0,0.0,0.0,0.0,0.0,0.0,0.0,0.0
"Cabai Jalapeno, kalengan, padatan, dan cairan",Olahan,Minuman,27,0.92,0.94,4.74,2.14,2.6,23.0,18.0,1.88,15,193.0,1.671,0.34,0.146,10.0,0.043,0.038,0.403,0.19,14,0.0,85.0,0.0,0.69,12.9,0.097,0.053,0.514,0.0
"Cabai con carne dengan kacang, hidangan kaleng",Olahan,Kacang-kacangan,107,5.8,3.47,13.1,1.87,3.3,33.0,87.0,1.34,28,264.0,449.0,0.89,0.096,0.2,0.019,0.029,0.782,0.105,21,0.28,23.0,0.0,0.5,4.6,1.253,1.412,0.4,9.0
"Cabai dengan kacang, kalengan",Olahan,Kacang-kacangan,103,6.12,3.76,13.24,1.65,3.3,47.0,154.0,3.43,45,365.0,423.0,2.0,0.117,1.7,0.048,0.105,0.358,0.132,23,0.0,17.0,0.0,0.52,1.9,1.133,1.601,0.249,17.0
"Cabai hijau, kalengan",Olahan,Lainnya,21,0.72,0.27,4.6,0.0,1.7,36.0,11.0,1.33,4,113.0,397.0,0.09,0.0,34.2,0.01,0.03,0.627,0.12,54,0.0,6.0,0.0,0.0,0.0,0.028,0.017,0.153,0.0
"Cabai pedas, dijemur",Olahan,Lainnya,324,10.58,5.81,69.86,41.06,28.7,45.0,159.0,6.04,88,1.87,91.0,1.02,0.228,31.4,0.081,1.205,8.669,0.81,51,0.0,1.324,0.0,3.14,108.2,0.813,0.468,3.079,0.0
"Cabai, dikurangi, kalengan, tidak termasuk biji, padatan dan cairan",Olahan,Minuman,21,0.9,0.1,5.1,3.32,1.3,7.0,17.0,0.5,14,187.0,1.173,0.17,0.101,68.0,0.02,0.05,0.8,0.153,10,0.0,595.0,0.0,0.69,8.7,0.01,0.006,0.055,0.0
"Campbell Merah dan Putih, Kaldu Ayam, Kental",Olahan,Daging & Unggas,16,0.81,0.81,0.81,0.81,0.0,0.0,0.0,0.0,0,0.0,621.0,0.0,0.0,0,0.0,0.0,0.0,0.0,0,0.0,0.0,0.0,0.0,0.0,0.0,0.0,0.0,4.0
"Campbell's Chunky Mangkuk Microwave, Ayam Panggang dan Sosis Gumbo, Siap Saji",Olahan,Daging & Unggas,57,2.86,1.63,7.35,2.04,0.4,16.0,0.0,0.15,0,0.0,318.0,0.0,0.0,0,0.0,0.0,0.0,0.0,0,0.0,0.0,0.0,0.0,0.0,0.816,0.0,0.0,6.0
"Campbell's Chunky Microwavable Bowl, New England Clam Chowder, Siap Saji",Olahan,Ikan & Hasil Laut,82,2.45,4.9,6.94,0.41,1.2,33.0,0.0,0.73,0,0.0,355.0,0.0,0.0,0,0.0,0.0,0.0,0.0,0,0.0,0.0,0.0,0.0,0.0,1.02,0.0,0.0,4.0
"Campbell's Chunky Soups, Makanan Sehat Microwave, Ayam Panggang & Sosis Sup Gumbo",Olahan,Daging & Unggas,53,2.86,1.22,7.35,1.63,0.8,16.0,0.0,0.29,0,249.0,167.0,0.0,0.0,2.4,0.0,0.0,0.0,0.0,0,0.0,0.0,0.0,0.0,0.0,0.408,0.612,0.204,4.0
"Campbell's Healthy Request, Cream of Mushroom Soup, Kental",Olahan,Susu & Olahan,55,1.29,1.7,8.6,1.79,1.0,71.0,56.0,0.3,13,596.0,327.0,0.07,0.0,0.1,0.0,0.0,0.0,0.0,0,0.0,0.0,0.0,0.0,0.0,0.33,0.33,0.97,0.0
Campbell's Homestyle Butternut Squash Bisque,Olahan,Kacang-kacangan,45,0.41,1.22,7.76,4.9,0.4,8.0,0.0,0.15,0,0.0,265.0,0.0,0.0,0,0.0,0.0,0.0,0.0,0,0.0,0.0,0.0,0.0,0.0,0.816,0.0,0.0,4.0
Campbell's Homestyle Chicken With White & Wild Rice Soup,Olahan,Daging & Unggas,41,2.45,0.41,6.94,1.22,0.4,8.0,0.0,0.15,0,0.0,322.0,0.0,0.0,0,0.0,0.0,0.0,0.0,0,0.0,0.0,0.0,0.0,0.0,0.0,0.0,0.0,4.0
Campbell's Homestyle Healthy Request Ayam dengan Sup Pasta Biji-Bijian,Olahan,Daging & Unggas,40,3.8,0.82,4.28,0.32,0.7,11.0,45.0,0.31,9,265.0,167.0,0.2,0.025,0,0.015,0.019,1.82,0.0,0,0.0,0.0,0.0,0.0,0.0,0.204,0.408,0.204,4.0
Campbell's Homestyle Healthy Request Gaya Meksiko Tortilla Ayam,Olahan,Daging & Unggas,53,2.86,1.02,7.76,1.22,1.2,16.0,0.0,0.44,0,216.0,167.0,0.0,0.0,0.5,0.0,0.0,0.0,0.0,0,0.0,0.0,0.0,0.0,0.0,0.204,0.204,0.0,4.0
Campbell's Homestyle Light New England Clam Chowder,Olahan,Ikan & Hasil Laut,49,2.45,1.63,6.12,0.41,0.8,8.0,0.0,0.59,0,0.0,322.0,0.0,0.0,0,0.0,0.0,0.0,0.0,0,0.0,0.0,0.0,0.0,0.0,0.408,0.0,0.0,4.0
Campbell's Homestyle Mexican Style Chicken Tortilla Soup,Olahan,Daging & Unggas,53,2.86,0.82,8.16,1.63,1.2,8.0,0.0,0.15,0,0.0,347.0,0.0,0.0,0,0.0,0.0,0.0,0.0,0,0.0,0.0,0.0,0.0,0.0,0.408,0.0,0.0,4.0
Campbell's Homestyle New England Clam Chowder,Olahan,Ikan & Hasil Laut,70,2.33,4.23,5.68,0.0,0.8,14.0,31.0,0.56,13,337.0,363.0,0.27,0.025,0,0.015,0.015,0.422,0.0,0,0.0,0.0,0.0,0.0,0.0,0.816,0.0,0.0,4.0
Campbell's Homestyle Potato Broccoli Cheese Soup,Olahan,Susu & Olahan,65,1.22,3.67,6.94,1.22,1.2,16.0,0.0,0.29,0,0.0,265.0,0.0,0.0,1.0,0.0,0.0,0.0,0.0,0,0.0,0.0,0.0,0.0,0.0,0.816,0.0,0.0,2.0
"Campbell's Homestyle, Mangkuk Microwave, Healthy Request Gaya Meksiko Tortilla",Olahan,Lainnya,53,2.86,1.02,7.76,1.22,1.2,16.0,0.0,0.44,0,216.0,167.0,0.0,0.0,0.5,0.0,0.0,0.0,0.0,0,0.0,0.0,0.0,0.0,0.0,0.204,0.204,0.0,4.0
"Campbell's Merah Putih, Sup Mie Ayam, Kental",Olahan,Daging & Unggas,47,2.37,1.53,5.97,0.0,0.0,6.0,38.0,0.69,8,44.0,683.0,0.28,0.027,0,0.0,0.0,0.0,0.0,0,0.0,0.0,0.0,0.0,0.0,0.388,0.534,0.335,8.0
"Campbell's Merah dan Putih - Mangkuk Microwave, Sup Daging Sapi Sayur",Mentah,Daging & Unggas,34,2.04,0.2,6.12,0.82,1.2,0.0,0.0,0.15,0,0.0,359.0,0.0,0.0,0,0.0,0.0,0.0,0.0,0,0.0,0.0,0.0,0.0,0.0,0.204,0.0,0.0,4.0
"Campbell's Merah dan Putih, Ayam Barley dengan Sup Jamur, Kental",Olahan,Daging & Unggas,71,3.17,1.19,12.7,1.59,2.4,0.0,0.0,0.0,0,0.0,571.0,0.0,0.0,0,0.0,0.0,0.0,0.0,0,0.0,0.0,0.0,0.0,0.0,0.397,0.0,0.0,4.0
"Campbell's Soup on the Go, Ayam dengan Sup Mie Mini",Olahan,Daging & Unggas,26,1.31,0.66,3.61,0.66,0.7,0.0,0.0,0.0,0,0.0,321.0,0.0,0.0,0.8,0.0,0.0,0.0,0.0,0,0.0,0.0,0.0,0.0,0.0,0.164,0.0,0.0,3.0
"Campbell's, 25% Lebih Sedikit Sodium Chicken Noodle Soup, Kental",Olahan,Daging & Unggas,49,2.9,1.29,6.3,0.6,0.8,12.0,35.0,0.6,9,66.0,446.0,0.2,0.0,0,0.0,0.0,0.0,0.0,0,0.0,0.0,0.0,0.0,0.0,0.4,0.6,0.3,12.0
"Campur bumbu, dikeringkan, sazon, ketumbar & annatto",Mentah,Bumbu,0,0.0,0.0,0.0,0.0,0.0,0.0,0.0,0.0,0,0.0,17.0,0.0,0.0,0,0.0,0.0,0.0,0.0,0,0.0,0.0,0.0,0.0,0.0,0.0,0.0,0.0,0.0
"Campuran Jus Jeruk Merah Ruby (Grapefruit, Grape, Apple), Ocean Spray, Botol, dengan Tambahan Vitamin C",Mentah,Buah-buahan,44,0.5,0.1,10.53,10.3,0.2,10.0,0.0,0.14,0,94.0,8.0,0.0,0.0,49.2,0.0,0.0,0.0,0.0,0,0.0,6.0,0.0,0.0,0.0,0.008,0.008,0.014,0.0
"Campuran Minuman, Oats Quaker, Gatorade, Rasa Jeruk, Bubuk",Mentah,Serealia & Olahan,388,0.0,1.23,94.11,80.5,0.0,40.0,120.0,0.34,1,30.0,63.0,0.06,0.25,0.4,0.011,0.802,0.22,0.022,0,0.0,0.0,0.0,0.0,0.0,0.0,0.0,0.0,0.0
"Campuran Telur, Komoditas USDA",Mentah,Telur,555,35.6,34.5,23.97,2.46,0.0,171.0,451.0,3.23,11,373.0,576.0,2.76,0.149,0,0.19,1.277,0.267,0.207,138,2.9,117.0,7.4,2.04,0.7,10.305,13.745,7.555,975.0
"Campuran asam wiski, botol, dengan tambahan kalium dan natrium",Olahan,Lainnya,84,0.1,0.1,21.4,0.0,0.0,2.0,6.0,0.11,1,7.0,33.0,0.07,0.0,2.7,0.013,0.01,0.0,0.0,0,0.0,1.0,0.0,0.0,0.0,0.008,0.002,0.02,0.0
"Campuran beras Spanyol, campuran kering, tidak siap",Mentah,Serealia & Olahan,363,10.62,1.62,76.45,3.83,3.1,29.0,146.0,3.32,37,445.0,1.085,1.03,0.19,0,0.822,0.288,7.179,0.248,162,0.0,23.0,0.0,0.86,2.7,0.395,0.341,0.604,0.0
"Campuran beras, putih dan liar, beraroma, tidak siap",Olahan,Serealia & Olahan,355,10.53,0.88,76.14,1.75,1.8,105.0,400.0,4.74,182,333.0,1.14,5.39,0.53,0,0.658,0.302,7.018,0.456,175,0.0,4.0,0.0,1.47,0.5,0.0,0.18,0.57,0.0
"Campuran bumbu, dikeringkan, cabai, asli",Mentah,Bumbu,335,10.82,7.3,56.56,8.67,10.8,0.0,0.0,3.9,0,0.0,4.616,0.0,0.0,5.9,0.0,0.0,0.0,0.0,0,0.0,0.0,0.0,0.0,0.0,0.0,0.0,5.556,0.0
"Campuran cokelat, cokelat, cokelat campuran cokelat panas",Olahan,Lainnya,400,3.0,15.0,75.0,60.0,4.0,100.0,0.0,1.8,0,0.0,850.0,0.0,0.0,0,0.0,0.0,0.0,0.0,0,0.0,0.0,0.0,0.0,0.0,10.0,0.0,0.0,0.0
"Campuran jus cranberry, jus 100%, botol, dengan tambahan vitamin C dan kalsium",Olahan,Buah-buahan,45,0.27,0.12,10.91,9.8,0.1,19.0,8.0,0.08,5,76.0,6.0,0.05,0.016,31.5,0.005,0.015,0.094,0.018,18,0.0,1.0,0.0,0.01,0.0,0.002,0.002,0.002,0.0
"Campuran jus, apel dan anggur, dengan tambahan asam askorbat",Mentah,Buah-buahan,50,0.16,0.12,12.46,10.92,0.2,11.0,9.0,0.11,7,96.0,7.0,0.05,0.01,28.2,0.006,0.015,0.087,0.021,0,0.0,0.0,0.0,0.01,0.2,0.023,0.005,0.032,0.0
"Campuran kakao, bubuk",Olahan,Lainnya,398,6.67,4.0,83.73,65.55,3.7,133.0,315.0,1.19,83,712.0,504.0,1.46,0.286,0.2,0.096,0.565,0.586,0.114,6,0.35,1.0,0.0,0.19,0.9,2.377,1.325,0.114,0.0
"Campuran kue shortening, kedelai (terhidrogenasi) dan biji kapas (terhidrogenasi)",Olahan,Kacang-kacangan,884,0.0,100.0,0.0,0.0,0.0,0.0,0.0,0.0,0,0.0,0.0,0.0,0.0,0,0.0,0.0,0.0,0.0,0,0.0,0.0,0.0,6.13,43.0,27.2,54.2,14.1,0.0
"Campuran minuman malt, coklat, bubuk",Olahan,Gula & Manisan,411,5.1,4.76,86.94,66.67,4.8,60.0,175.0,2.28,70,618.0,190.0,0.8,0.2,1.5,0.173,0.2,2.003,0.156,37,0.42,33.0,0.0,0.17,2.5,2.381,1.167,0.669,1.0
"Campuran minuman rasa cokelat dengan tambahan nutrisi, disajikan dengan susu murni",Mentah,Susu & Olahan,89,3.27,3.17,11.87,11.59,0.4,141.0,84.0,0.03,14,144.0,50.0,0.91,0.098,2.3,0.043,0.159,0.098,0.108,5,0.41,42.0,1.2,0.07,0.3,1.899,0.745,0.178,10.0
"Campuran minuman rasa cokelat untuk susu, bubuk, dengan tambahan nutrisi",Mentah,Susu & Olahan,400,4.55,2.27,90.28,81.82,4.5,455.0,86.0,0.0,53,280.0,136.0,6.82,0.909,27.3,0.009,0.056,0.199,0.909,4,0.0,0.0,0.0,0.04,0.9,2.273,0.0,0.0,0.0
"Campuran minuman rasa cokelat, bubuk, disajikan dengan susu murni",Mentah,Susu & Olahan,85,3.23,3.24,11.91,0.0,0.4,95.0,88.0,0.3,18,172.0,58.0,0.48,0.082,0.1,0.043,0.18,0.142,0.034,5,0.4,26.0,0.0,0.06,0.3,1.86,0.829,0.186,9.0
"Campuran minuman rasa strawberry, bubuk",Mentah,Buah-buahan,389,0.1,0.2,99.1,95.45,0.0,4.0,5.0,0.44,1,6.0,38.0,0.0,0.0,0.3,0.003,0.11,0.073,0.002,0,0.0,0.0,0.0,0.0,0.0,0.0,0.0,0.0,0.0
"Campuran minuman rasa stroberi, bubuk, disajikan dengan susu murni",Mentah,Susu & Olahan,88,3.0,3.1,12.3,0.0,0.0,110.0,86.0,0.08,12,139.0,48.0,0.35,0.009,0.9,0.035,0.158,0.083,0.039,5,0.33,26.0,0.0,0.0,0.0,1.91,0.886,0.114,12.0
"Campuran minuman susu, cokelat, pengurangan kalori, dengan aspartam, bubuk, disiapkan dengan air dan es",Mentah,Susu & Olahan,29,2.19,0.23,4.51,2.89,0.8,127.0,78.0,0.68,19,197.0,61.0,0.32,0.079,0.5,0.01,0.17,0.11,0.01,3,0.18,18.0,0.0,0.0,0.1,0.164,0.043,0.005,2.0
"Campuran muffin Blueberry buatan, kering",Mentah,Serealia & Olahan,407,4.7,8.7,77.45,0.0,0.0,0.0,0.0,0.0,0,0.0,760.0,0.0,0.0,0,0.0,0.0,0.0,0.0,0,0.0,0.0,0.0,0.0,0.0,1.865,3.742,1.679,0.0
Campuran nasi Spanyol dengan campuran minyak kanola / sayur atau tomat potong dadu dan margarin,Olahan,Sayuran,125,3.27,2.38,22.74,1.79,1.5,18.0,45.0,1.02,13,185.0,349.0,0.3,0.061,0,0.287,0.135,2.447,0.096,68,0.0,10.0,0.0,0.67,2.9,0.387,0.834,0.867,0.0
"Campuran nasi, rasa keju, campuran kering, tidak siap",Mentah,Susu & Olahan,362,8.77,3.51,73.88,5.26,1.8,140.0,369.0,4.74,88,351.0,1.193,1.45,0.189,2.1,0.263,0.671,5.263,0.397,175,0.56,6.0,0.0,0.5,20.5,1.754,0.75,0.667,9.0
"Campuran pasta, daging sapi klasik, tidak siap",Mentah,Daging & Unggas,354,12.32,1.78,72.2,4.95,2.0,21.0,127.0,2.71,39,342.0,1.537,0.99,0.163,2.6,2.36,0.423,5.24,0.133,127,0.01,0.0,0.0,0.33,0.3,0.439,0.501,0.808,0.0
"Caper, kalengan",Olahan,Lainnya,23,2.36,0.86,4.89,0.41,3.2,40.0,10.0,1.67,33,40.0,2.348,0.32,0.374,4.3,0.018,0.139,0.652,0.023,23,0.0,7.0,0.0,0.88,24.6,0.233,0.063,0.304,0.0
"Cardoon, dimasak, direbus, tiriskan, dengan garam",Olahan,Bumbu,20,0.76,0.11,4.74,0.0,1.7,72.0,23.0,0.73,43,392.0,412.0,0.18,0.029,1.7,0.018,0.031,0.294,0.042,22,0.0,0.0,0.0,0.0,0.0,0.012,0.02,0.044,0.0
"Carissa, (natal-prem), mentah",Mentah,Lainnya,62,0.5,1.3,13.63,0.0,0.0,11.0,7.0,1.31,16,260.0,3.0,0.0,0.21,38.0,0.04,0.06,0.2,0.0,0,0.0,2.0,0.0,0.0,0.0,0.0,0.0,0.0,0.0
"Catsup, sodium rendah",Olahan,Lainnya,101,1.04,0.1,27.4,21.27,0.3,15.0,26.0,0.35,13,281.0,20.0,0.17,0.085,4.1,0.011,0.166,1.434,0.158,9,0.0,26.0,0.0,1.46,3.0,0.014,0.015,0.041,0.0
"Cattail, Tunas Daun Sempit (Indian Dataran Utara)",Olahan,Ikan & Hasil Laut,25,1.18,0.0,5.14,0.22,4.5,54.0,45.0,0.91,63,309.0,109.0,0.24,0.041,0.7,0.023,0.025,0.44,0.123,3,0.0,1.0,0.0,0.0,22.8,0.0,0.0,0.0,0.0
"Celeriac (Seledri Akar), dimasak, direbus, tiriskan, dengan garam",Olahan,Bumbu,27,0.96,0.19,5.9,0.0,0.0,26.0,66.0,0.43,12,173.0,297.0,0.2,0.043,3.6,0.027,0.037,0.427,0.101,3,0.0,0.0,0.0,0.0,0.0,0.0,0.0,0.0,0.0
"Celtuce, mentah",Mentah,Lainnya,18,0.85,0.3,3.65,0.0,1.7,39.0,39.0,0.55,28,330.0,11.0,0.27,0.04,19.5,0.055,0.07,0.55,0.05,46,0.0,175.0,0.0,0.0,0.0,0.0,0.0,0.0,0.0
"Celupkan, Frito's, Kacang, Rasa Asli",Olahan,Kacang-kacangan,119,5.44,3.7,15.89,0.99,4.9,26.0,105.0,1.6,40,368.0,443.0,0.69,0.196,0,0.09,0.1,0.43,0.115,21,0.0,0.0,0.0,0.0,0.0,0.529,0.859,1.957,0.0
"Cemilan, kerupuk udang",Olahan,Ikan & Hasil Laut,426,7.14,17.86,59.09,21.43,5.6,20.0,191.0,1.91,72,193.0,571.0,1.38,0.221,0,0.264,0.091,2.631,0.216,23,0.02,0.0,0.0,3.28,12.8,5.357,7.997,3.971,2.0
"Ceri Maraschino, kalengan, tiriskan",Olahan,Lainnya,165,0.22,0.21,41.97,38.77,3.2,54.0,3.0,0.43,4,21.0,4.0,0.26,0.143,0,0.0,0.0,0.004,0.005,0,0.0,2.0,0.0,0.05,1.5,0.039,0.049,0.055,0.0
"Ceri, asam, dikeringkan, dimaniskan",Mentah,Lainnya,333,1.25,0.73,80.45,67.15,2.5,38.0,36.0,0.68,22,376.0,13.0,0.25,0.229,19.3,0.058,0.101,0.867,0.101,11,0.0,141.0,0.0,0.17,5.1,0.146,0.177,0.194,0.0
"Chamomile, teh, ramuan, campuran, diseduh",Olahan,Daging & Unggas,1,0.0,0.0,0.2,0.0,0.0,2.0,0.0,0.08,1,9.0,1.0,0.04,0.015,0,0.01,0.004,0.0,0.0,1,0.0,0.0,0.0,0.0,0.0,0.002,0.001,0.005,0.0
Cheesecake disiapkan secara komersial,Olahan,Susu & Olahan,321,5.5,22.5,25.5,21.8,0.4,51.0,93.0,0.63,11,90.0,438.0,0.51,0.02,0.4,0.028,0.193,0.195,0.052,18,0.17,159.0,0.5,0.56,4.4,9.921,8.634,1.602,55.0
"Cheesefurter, smokie keju, daging babi, daging sapi",Olahan,Susu & Olahan,328,14.1,29.0,1.51,1.51,0.0,58.0,178.0,1.08,13,206.0,1.082,2.25,0.07,0,0.25,0.16,2.9,0.13,3,1.73,6.0,0.3,0.24,1.6,10.47,13.64,3.02,68.0
"Cherimoya, mentah",Mentah,Lainnya,75,1.57,0.68,17.71,12.87,3.0,10.0,26.0,0.27,17,287.0,7.0,0.16,0.069,12.6,0.101,0.131,0.644,0.257,23,0.0,0.0,0.0,0.27,0.0,0.233,0.055,0.188,0.0
"Chick-Fil-A, Chick-N-Strips",Olahan,Lainnya,228,21.4,11.2,10.39,1.24,0.9,25.0,264.0,0.97,30,497.0,577.0,0.72,0.06,1.0,0.153,0.27,8.763,0.476,40,0.19,0.0,0.0,1.56,0.0,2.057,6.165,2.409,56.0
"Chicory (Sawi Putih), mentah",Mentah,Sayuran,23,1.7,0.3,4.7,0.7,4.0,100.0,47.0,0.9,30,420.0,45.0,0.42,0.295,24.0,0.06,0.1,0.5,0.105,110,0.0,286.0,0.0,2.26,297.6,0.073,0.006,0.131,0.0
Chilchen (Minuman Berry Merah) (Navajo),Olahan,Buah-buahan,44,0.81,0.63,8.68,2.6,0.0,7.0,23.0,0.95,9,28.0,15.0,0.19,0.019,0,0.02,0.015,0.248,0.033,8,0.0,0.0,0.0,0.0,0.0,0.075,0.135,0.151,0.0
"Chiton, kasar, gumboot (asli Alaska)",Olahan,Lainnya,83,17.1,1.6,0.0,0.0,0.0,121.0,0.0,16.0,0,0.0,0.0,0.0,0.0,0,0.05,0.34,4.2,0.0,0,0.0,0.0,0.0,0.0,0.0,0.0,0.0,0.0,0.0
"Chokecherries, mentah, diadu (India Dataran Utara)",Mentah,Lainnya,162,3.04,1.69,33.62,9.37,20.0,60.0,67.0,0.69,27,379.0,5.0,0.33,0.186,5.5,0.034,0.173,0.628,0.198,2,0.0,8.0,0.0,0.35,21.1,0.0,0.0,0.0,0.0
"Chorizo, babi dan sapi",Olahan,Daging & Unggas,455,24.1,38.27,1.86,0.0,0.0,8.0,150.0,1.59,18,398.0,1.235,3.41,0.08,0,0.63,0.3,5.131,0.53,2,2.0,0.0,1.5,0.22,1.6,14.38,18.4,3.46,88.0
Cilok Bumbu Kacang,0,Makanan Ringan,220,0.0,0.0,0.0,0.0,0.0,0.0,0.0,0.0,0,0.0,0.0,0.0,0.0,0,0.0,0.0,0.0,0.0,0,0.0,0.0,0.0,0.0,0.0,0.0,0.0,0.0,0.0
Cimol Goreng,0,Makanan Ringan,250,0.0,0.0,0.0,0.0,0.0,0.0,0.0,0.0,0,0.0,0.0,0.0,0.0,0,0.0,0.0,0.0,0.0,0,0.0,0.0,0.0,0.0,0.0,0.0,0.0,0.0,0.0
"Cincin Bawang Bombay, dilapisi tepung roti, par goreng, beku, disiapkan, dipanaskan dalam oven",Olahan,Serealia & Olahan,276,4.14,14.3,33.79,5.1,2.2,31.0,71.0,1.25,17,123.0,370.0,0.42,0.073,1.6,0.185,0.116,1.349,0.117,33,0.0,0.0,0.0,0.46,34.1,2.137,3.0,7.633,0.0
"Ciplukan (gooseberries), bahan dasar Groundcherries, mentah",Mentah,Lainnya,53,1.9,0.7,11.2,0.0,0.0,9.0,40.0,1.0,0,0.0,0.0,0.0,0.0,11.0,0.11,0.04,2.8,0.0,0,0.0,36.0,0.0,0.0,0.0,0.0,0.0,0.0,0.0
"Ciplukan (gooseberry), kaleng, paket sirup ringan, padatan dan cairan",Olahan,Buah-buahan,73,0.65,0.2,18.75,0.0,2.4,16.0,7.0,0.33,6,77.0,2.0,0.11,0.217,10.0,0.02,0.053,0.153,0.012,3,0.0,7.0,0.0,0.0,0.0,0.013,0.018,0.11,0.0
Cireng Rujak,0,Makanan Ringan,200,0.0,0.0,0.0,0.0,0.0,0.0,0.0,0.0,0,0.0,0.0,0.0,0.0,0,0.0,0.0,0.0,0.0,0,0.0,0.0,0.0,0.0,0.0,0.0,0.0,0.0,0.0
"Clementines, mentah",Mentah,Lainnya,47,0.85,0.15,12.02,9.18,1.7,30.0,21.0,0.14,10,177.0,1.0,0.06,0.043,48.8,0.086,0.03,0.636,0.075,24,0.0,0.0,0.0,0.2,0.0,0.0,0.0,0.0,0.0
Clif Z bar,Olahan,Lainnya,409,5.55,9.72,74.72,30.56,8.3,444.0,244.0,2.7,82,333.0,375.0,1.15,0.187,39.1,0.411,0.1,0.478,0.073,20,0.0,0.0,0.0,0.98,8.7,2.721,2.447,3.319,0.0
"Cloudberries, mentah (asli Alaska)",Mentah,Lainnya,51,2.4,0.8,8.6,0.0,0.0,18.0,35.0,0.7,0,0.0,0.0,0.0,0.0,158.0,0.05,0.07,0.9,0.0,0,0.0,0.0,0.0,0.0,0.0,0.0,0.0,0.0,0.0
"Coffeecake, buah",Olahan,Serealia & Olahan,311,5.2,10.2,51.5,0.0,2.5,45.0,118.0,2.43,17,90.0,385.0,0.65,0.03,0.8,0.037,0.19,2.573,0.037,47,0.02,7.0,0.0,0.0,0.0,2.495,5.557,1.473,7.0
Cokelat Batang Silverqueen,0,Permen,550,0.0,0.0,0.0,0.0,0.0,0.0,0.0,0.0,0,0.0,0.0,0.0,0.0,0,0.0,0.0,0.0,0.0,0,0.0,0.0,0.0,0.0,0.0,0.0,0.0,0.0,0.0
"Cokelat Sutra, Susu Kedelai",Mentah,Susu & Olahan,58,2.06,1.44,9.47,7.82,0.8,123.0,0.0,0.59,16,144.0,41.0,0.25,0.0,0,0.0,0.21,0.0,0.0,10,1.23,0.0,1.2,0.0,0.0,0.206,0.0,0.0,0.0
"Cokelat panggang, Mars Snackfood Us, M & M's Milk Chocolate Baking Bits Mini",Olahan,Susu & Olahan,502,4.78,23.36,68.4,62.54,2.7,116.0,0.0,1.23,0,0.0,68.0,0.0,0.0,0.6,0.0,0.0,0.0,0.0,0,0.0,0.0,0.0,0.0,0.0,14.466,0.0,0.0,15.0
"Cokelat, gelap, 45-59% padatan kakao",Olahan,Lainnya,546,4.88,31.28,61.17,47.9,7.0,56.0,206.0,8.02,146,559.0,24.0,2.01,1.028,0,0.025,0.05,0.725,0.042,0,0.23,2.0,0.0,0.54,8.1,18.519,9.54,1.092,8.0
"Coklat Ringan Sutra, Susu Kedelai",Mentah,Susu & Olahan,49,2.06,0.62,9.05,7.82,0.8,123.0,0.0,0.59,16,144.0,41.0,0.25,0.0,0,0.0,0.21,0.0,0.0,10,1.23,0.0,1.2,0.0,0.0,0.0,0.0,0.0,0.0
"Coklat, bubuk kering, hi-fat atau sarapan pagi, polos",Mentah,Minyak & Lemak,486,16.8,23.71,51.39,1.55,29.8,122.0,758.0,14.5,519,1.574,20.0,6.7,3.61,0,0.08,0.37,1.8,0.19,38,0.0,0.0,0.0,0.09,2.3,12.64,7.38,0.769,0.0
"Cookies, chocolate chip, dibuat dari resep, dibuat dengan margarin",Olahan,Serealia & Olahan,488,5.7,28.3,58.4,0.0,2.8,39.0,100.0,2.46,55,224.0,361.0,0.93,0.383,0.3,0.185,0.178,1.362,0.085,33,0.08,143.0,0.0,0.0,0.0,8.074,10.377,8.41,32.0
"Corn dogs, beku, disiapkan",Olahan,Serealia & Olahan,250,8.57,12.02,26.96,7.54,1.0,72.0,224.0,1.9,17,125.0,668.0,0.85,0.072,0.5,0.141,0.155,2.786,0.117,60,0.48,48.0,0.4,0.6,5.8,3.466,4.732,3.354,44.0
Coto Makassar,0,"Makanan Tradisional (Indian Amerika, Alaska)",300,0.0,0.0,0.0,0.0,0.0,0.0,0.0,0.0,0,0.0,0.0,0.0,0.0,0,0.0,0.0,0.0,0.0,0,0.0,0.0,0.0,0.0,0.0,0.0,0.0,0.0,0.0
Cumi Goreng Tepung,0,"Hewan Ikan, Kerang & olahannya",280,0.0,0.0,0.0,0.0,0.0,0.0,0.0,0.0,0,0.0,0.0,0.0,0.0,0,0.0,0.0,0.0,0.0,0,0.0,0.0,0.0,0.0,0.0,0.0,0.0,0.0,0.0
Dadar Gulung Kelapa,0,Makanan Ringan,160,0.0,0.0,0.0,0.0,0.0,0.0,0.0,0.0,0,0.0,0.0,0.0,0.0,0,0.0,0.0,0.0,0.0,0,0.0,0.0,0.0,0.0,0.0,0.0,0.0,0.0,0.0
Daun Singkong Rebus,Olahan,Flora Sayuran & olahannya,50,5.0,1.0,8.0,0.0,0.0,0.0,60.0,2.0,40,150.0,5.0,1.0,0.2,30.0,0.1,0.2,1.5,0.2,60,0.0,800.0,0.0,2.0,100.0,0.2,0.1,0.3,0.0
Dendeng Balado Basah,0,"Hewan Kerbau, Sapi & olahannya",300,0.0,0.0,0.0,0.0,0.0,0.0,0.0,0.0,0,0.0,0.0,0.0,0.0,0,0.0,0.0,0.0,0.0,0,0.0,0.0,0.0,0.0,0.0,0.0,0.0,0.0,0.0
Dendeng Batokok,0,"Hewan Kerbau, Sapi & olahannya",290,0.0,0.0,0.0,0.0,0.0,0.0,0.0,0.0,0,0.0,0.0,0.0,0.0,0,0.0,0.0,0.0,0.0,0,0.0,0.0,0.0,0.0,0.0,0.0,0.0,0.0,0.0
Dimsum Ayam,0,Makanan Pembuka dan Lauk,200,0.0,0.0,0.0,0.0,0.0,0.0,0.0,0.0,0,0.0,0.0,0.0,0.0,0,0.0,0.0,0.0,0.0,0,0.0,0.0,0.0,0.0,0.0,0.0,0.0,0.0,0.0
Dodol Garut,0,Permen,380,0.0,0.0,0.0,0.0,0.0,0.0,0.0,0.0,0,0.0,0.0,0.0,0.0,0,0.0,0.0,0.0,0.0,0,0.0,0.0,0.0,0.0,0.0,0.0,0.0,0.0,0.0
Durian Medan,Olahan,Flora Buah dan Jus Buah,147,1.5,5.3,27.0,0.0,0.0,0.0,39.0,0.4,30,436.0,2.0,0.3,0.2,19.7,0.37,0.2,1.1,0.3,36,0.0,2.0,0.0,0.0,0.0,1.9,1.5,0.5,0.0
Empal Gepuk,0,"Hewan Kerbau, Sapi & olahannya",270,0.0,0.0,0.0,0.0,0.0,0.0,0.0,0.0,0,0.0,0.0,0.0,0.0,0,0.0,0.0,0.0,0.0,0,0.0,0.0,0.0,0.0,0.0,0.0,0.0,0.0,0.0
Es Campur Bandung,0,Minuman,250,0.0,0.0,0.0,0.0,0.0,0.0,0.0,0.0,0,0.0,0.0,0.0,0.0,0,0.0,0.0,0.0,0.0,0,0.0,0.0,0.0,0.0,0.0,0.0,0.0,0.0,0.0
Es Cendol Dawet,0,Minuman,300,0.0,0.0,0.0,0.0,0.0,0.0,0.0,0.0,0,0.0,0.0,0.0,0.0,0,0.0,0.0,0.0,0.0,0,0.0,0.0,0.0,0.0,0.0,0.0,0.0,0.0,0.0
Es Doger,0,Minuman,280,0.0,0.0,0.0,0.0,0.0,0.0,0.0,0.0,0,0.0,0.0,0.0,0.0,0,0.0,0.0,0.0,0.0,0,0.0,0.0,0.0,0.0,0.0,0.0,0.0,0.0,0.0
Es Jeruk Peras,0,Minuman,110,0.0,0.0,0.0,0.0,0.0,0.0,0.0,0.0,0,0.0,0.0,0.0,0.0,0,0.0,0.0,0.0,0.0,0,0.0,0.0,0.0,0.0,0.0,0.0,0.0,0.0,0.0
Es Kelapa Muda,0,Minuman,80,0.0,0.0,0.0,0.0,0.0,0.0,0.0,0.0,0,0.0,0.0,0.0,0.0,0,0.0,0.0,0.0,0.0,0,0.0,0.0,0.0,0.0,0.0,0.0,0.0,0.0,0.0
Es Kelapa Muda (Gula),Olahan,Minuman,120,1.0,2.0,25.0,0.0,0.0,0.0,15.0,0.5,15,300.0,15.0,0.1,0.1,2.0,0.05,0.0,0.2,0.0,0,0.0,0.0,0.0,0.0,0.0,1.8,0.1,0.0,0.0
Es Pisang Ijo,0,Minuman,350,0.0,0.0,0.0,0.0,0.0,0.0,0.0,0.0,0,0.0,0.0,0.0,0.0,0,0.0,0.0,0.0,0.0,0,0.0,0.0,0.0,0.0,0.0,0.0,0.0,0.0,0.0
Es Teh Manis,0,Minuman,90,0.0,0.0,0.0,0.0,0.0,0.0,0.0,0.0,0,0.0,0.0,0.0,0.0,0,0.0,0.0,0.0,0.0,0,0.0,0.0,0.0,0.0,0.0,0.0,0.0,0.0,0.0
Es Teler (Isi Buah),0,Flora Buah dan Jus Buah,250,0.0,0.0,0.0,0.0,0.0,0.0,0.0,0.0,0,0.0,0.0,0.0,0.0,0,0.0,0.0,0.0,0.0,0,0.0,0.0,0.0,0.0,0.0,0.0,0.0,0.0,0.0
Fried Chicken (Lokal),Olahan,Makanan Cepat Saji,295,18.0,20.0,10.0,0.0,0.0,0.0,180.0,1.5,20,220.0,600.0,1.5,0.1,0.0,0.1,0.2,6.0,0.3,10,0.4,20.0,0.2,2.0,5.0,6.0,8.0,4.0,80.0
Gabin Tape,0,"Makanan Tradisional (Indian Amerika, Alaska)",180,0.0,0.0,0.0,0.0,0.0,0.0,0.0,0.0,0,0.0,0.0,0.0,0.0,0,0.0,0.0,0.0,0.0,0,0.0,0.0,0.0,0.0,0.0,0.0,0.0,0.0,0.0
Galantine Solo,0,Hewan Daging Sosis dan Makan Siang,240,0.0,0.0,0.0,0.0,0.0,0.0,0.0,0.0,0,0.0,0.0,0.0,0.0,0,0.0,0.0,0.0,0.0,0,0.0,0.0,0.0,0.0,0.0,0.0,0.0,0.0,0.0
Gudeg Jogja Komplit,Olahan,"Makanan Tradisional (Indian Amerika, Alaska)",300,10.0,15.0,35.0,0.0,0.0,0.0,150.0,2.0,30,300.0,500.0,1.0,0.2,2.0,0.1,0.1,1.0,0.2,20,0.5,50.0,0.0,1.0,5.0,10.0,3.0,1.0,50.0
Gudeg Nangka (Tanpa Ayam),0,Flora Sayuran & olahannya,180,0.0,0.0,0.0,0.0,0.0,0.0,0.0,0.0,0,0.0,0.0,0.0,0.0,0,0.0,0.0,0.0,0.0,0,0.0,0.0,0.0,0.0,0.0,0.0,0.0,0.0,0.0
Gulai Cincang,0,"Hewan Kerbau, Sapi & olahannya",320,0.0,0.0,0.0,0.0,0.0,0.0,0.0,0.0,0,0.0,0.0,0.0,0.0,0,0.0,0.0,0.0,0.0,0,0.0,0.0,0.0,0.0,0.0,0.0,0.0,0.0,0.0
Gulai Kambing,Olahan,"Hewan Domba, Sapi Muda, Hasil Buruan",150,10.0,11.0,2.0,0.0,0.0,0.0,90.0,1.5,15,150.0,400.0,2.0,0.1,0.0,0.05,0.1,3.0,0.1,2,1.0,20.0,0.0,0.5,1.0,7.0,3.0,0.5,40.0
Gulai Tunjang (Kikil),0,"Hewan Kerbau, Sapi & olahannya",280,0.0,0.0,0.0,0.0,0.0,0.0,0.0,0.0,0,0.0,0.0,0.0,0.0,0,0.0,0.0,0.0,0.0,0,0.0,0.0,0.0,0.0,0.0,0.0,0.0,0.0,0.0
Iga Bakar Madu,0,Makanan Restoran,450,0.0,0.0,0.0,0.0,0.0,0.0,0.0,0.0,0,0.0,0.0,0.0,0.0,0,0.0,0.0,0.0,0.0,0,0.0,0.0,0.0,0.0,0.0,0.0,0.0,0.0,0.0
Iga Penyet,0,"Hewan Kerbau, Sapi & olahannya",350,0.0,0.0,0.0,0.0,0.0,0.0,0.0,0.0,0,0.0,0.0,0.0,0.0,0,0.0,0.0,0.0,0.0,0,0.0,0.0,0.0,0.0,0.0,0.0,0.0,0.0,0.0
Ikan Bakar Ayam,0,"Hewan Ikan, Kerang & olahannya",198,0.0,0.0,0.0,0.0,0.0,0.0,0.0,0.0,0,0.0,0.0,0.0,0.0,0,0.0,0.0,0.0,0.0,0,0.0,0.0,0.0,0.0,0.0,0.0,0.0,0.0,0.0
Ikan Bakar Keju,0,"Hewan Ikan, Kerang & olahannya",202,0.0,0.0,0.0,0.0,0.0,0.0,0.0,0.0,0,0.0,0.0,0.0,0.0,0,0.0,0.0,0.0,0.0,0,0.0,0.0,0.0,0.0,0.0,0.0,0.0,0.0,0.0
Ikan Bakar Madu,0,"Hewan Ikan, Kerang & olahannya",171,0.0,0.0,0.0,0.0,0.0,0.0,0.0,0.0,0,0.0,0.0,0.0,0.0,0,0.0,0.0,0.0,0.0,0,0.0,0.0,0.0,0.0,0.0,0.0,0.0,0.0,0.0
Ikan Bakar Mentega,0,"Hewan Ikan, Kerang & olahannya",197,0.0,0.0,0.0,0.0,0.0,0.0,0.0,0.0,0,0.0,0.0,0.0,0.0,0,0.0,0.0,0.0,0.0,0,0.0,0.0,0.0,0.0,0.0,0.0,0.0,0.0,0.0
Ikan Bakar Pedas,0,"Hewan Ikan, Kerang & olahannya",186,0.0,0.0,0.0,0.0,0.0,0.0,0.0,0.0,0,0.0,0.0,0.0,0.0,0,0.0,0.0,0.0,0.0,0,0.0,0.0,0.0,0.0,0.0,0.0,0.0,0.0,0.0
Ikan Bakar Sapi,0,"Hewan Ikan, Kerang & olahannya",193,0.0,0.0,0.0,0.0,0.0,0.0,0.0,0.0,0,0.0,0.0,0.0,0.0,0,0.0,0.0,0.0,0.0,0,0.0,0.0,0.0,0.0,0.0,0.0,0.0,0.0,0.0
Ikan Bakar Seafood,0,"Hewan Ikan, Kerang & olahannya",182,0.0,0.0,0.0,0.0,0.0,0.0,0.0,0.0,0,0.0,0.0,0.0,0.0,0,0.0,0.0,0.0,0.0,0,0.0,0.0,0.0,0.0,0.0,0.0,0.0,0.0,0.0
Ikan Bakar Spesial,0,"Hewan Ikan, Kerang & olahannya",170,0.0,0.0,0.0,0.0,0.0,0.0,0.0,0.0,0,0.0,0.0,0.0,0.0,0,0.0,0.0,0.0,0.0,0,0.0,0.0,0.0,0.0,0.0,0.0,0.0,0.0,0.0
Ikan Gurame Asam Manis,0,"Hewan Ikan, Kerang & olahannya",300,0.0,0.0,0.0,0.0,0.0,0.0,0.0,0.0,0,0.0,0.0,0.0,0.0,0,0.0,0.0,0.0,0.0,0,0.0,0.0,0.0,0.0,0.0,0.0,0.0,0.0,0.0
Ikan Kuah Kuning,0,"Hewan Ikan, Kerang & olahannya",180,0.0,0.0,0.0,0.0,0.0,0.0,0.0,0.0,0,0.0,0.0,0.0,0.0,0,0.0,0.0,0.0,0.0,0,0.0,0.0,0.0,0.0,0.0,0.0,0.0,0.0,0.0
Ikan Lele Goreng,Olahan,"Hewan Ikan, Kerang & olahannya",230,18.0,15.0,4.0,0.0,0.0,0.0,200.0,1.0,30,300.0,250.0,0.8,0.1,0.0,0.1,0.1,2.0,0.2,10,2.0,30.0,2.0,1.0,1.0,4.0,6.0,4.0,60.0
Jagung Bakar Mentega,0,"Flora Sereal Biji-Bijian, Pasta & olahannya",150,0.0,0.0,0.0,0.0,0.0,0.0,0.0,0.0,0,0.0,0.0,0.0,0.0,0,0.0,0.0,0.0,0.0,0,0.0,0.0,0.0,0.0,0.0,0.0,0.0,0.0,0.0
Jus Alpukat (Gula Susu),Olahan,Flora Buah dan Jus Buah,195,2.0,10.0,25.0,0.0,0.0,0.0,60.0,0.5,25,400.0,15.0,0.5,0.1,8.0,0.05,0.1,1.5,0.2,60,0.1,20.0,0.0,1.5,15.0,3.5,6.0,0.5,5.0
Jus Ayam,0,Flora Buah dan Jus Buah,113,0.0,0.0,0.0,0.0,0.0,0.0,0.0,0.0,0,0.0,0.0,0.0,0.0,0,0.0,0.0,0.0,0.0,0,0.0,0.0,0.0,0.0,0.0,0.0,0.0,0.0,0.0
Jus Jambu Biji Merah,0,Flora Buah dan Jus Buah,100,0.0,0.0,0.0,0.0,0.0,0.0,0.0,0.0,0,0.0,0.0,0.0,0.0,0,0.0,0.0,0.0,0.0,0,0.0,0.0,0.0,0.0,0.0,0.0,0.0,0.0,0.0
Jus Keju,0,Flora Buah dan Jus Buah,131,0.0,0.0,0.0,0.0,0.0,0.0,0.0,0.0,0,0.0,0.0,0.0,0.0,0,0.0,0.0,0.0,0.0,0,0.0,0.0,0.0,0.0,0.0,0.0,0.0,0.0,0.0
Jus Madu,0,Flora Buah dan Jus Buah,117,0.0,0.0,0.0,0.0,0.0,0.0,0.0,0.0,0,0.0,0.0,0.0,0.0,0,0.0,0.0,0.0,0.0,0,0.0,0.0,0.0,0.0,0.0,0.0,0.0,0.0,0.0
Jus Mentega,0,Flora Buah dan Jus Buah,124,0.0,0.0,0.0,0.0,0.0,0.0,0.0,0.0,0,0.0,0.0,0.0,0.0,0,0.0,0.0,0.0,0.0,0,0.0,0.0,0.0,0.0,0.0,0.0,0.0,0.0,0.0
Jus Pedas,0,Flora Buah dan Jus Buah,117,0.0,0.0,0.0,0.0,0.0,0.0,0.0,0.0,0,0.0,0.0,0.0,0.0,0,0.0,0.0,0.0,0.0,0,0.0,0.0,0.0,0.0,0.0,0.0,0.0,0.0,0.0
Jus Sapi,0,Flora Buah dan Jus Buah,121,0.0,0.0,0.0,0.0,0.0,0.0,0.0,0.0,0,0.0,0.0,0.0,0.0,0,0.0,0.0,0.0,0.0,0,0.0,0.0,0.0,0.0,0.0,0.0,0.0,0.0,0.0
Jus Seafood,0,Flora Buah dan Jus Buah,119,0.0,0.0,0.0,0.0,0.0,0.0,0.0,0.0,0,0.0,0.0,0.0,0.0,0,0.0,0.0,0.0,0.0,0,0.0,0.0,0.0,0.0,0.0,0.0,0.0,0.0,0.0
Jus Sirsak (Gula),0,Flora Buah dan Jus Buah,110,0.0,0.0,0.0,0.0,0.0,0.0,0.0,0.0,0,0.0,0.0,0.0,0.0,0,0.0,0.0,0.0,0.0,0,0.0,0.0,0.0,0.0,0.0,0.0,0.0,0.0,0.0
Jus Spesial,0,Flora Buah dan Jus Buah,138,0.0,0.0,0.0,0.0,0.0,0.0,0.0,0.0,0,0.0,0.0,0.0,0.0,0,0.0,0.0,0.0,0.0,0,0.0,0.0,0.0,0.0,0.0,0.0,0.0,0.0,0.0
Kacang Atom,0,Flora Kacang. Biji & olahannya,520,0.0,0.0,0.0,0.0,0.0,0.0,0.0,0.0,0,0.0,0.0,0.0,0.0,0,0.0,0.0,0.0,0.0,0,0.0,0.0,0.0,0.0,0.0,0.0,0.0,0.0,0.0
Kacang Bali,0,Flora Kacang. Biji & olahannya,550,0.0,0.0,0.0,0.0,0.0,0.0,0.0,0.0,0,0.0,0.0,0.0,0.0,0,0.0,0.0,0.0,0.0,0,0.0,0.0,0.0,0.0,0.0,0.0,0.0,0.0,0.0
Kacang Bogor Rebus,0,Flora Kacang. Biji & olahannya,160,0.0,0.0,0.0,0.0,0.0,0.0,0.0,0.0,0,0.0,0.0,0.0,0.0,0,0.0,0.0,0.0,0.0,0,0.0,0.0,0.0,0.0,0.0,0.0,0.0,0.0,0.0
Kacang Hijau Rebus,Olahan,Flora Kacang. Biji & olahannya,105,7.0,0.4,19.0,0.0,0.0,0.0,99.0,1.4,48,266.0,2.0,0.8,0.1,1.0,0.1,0.06,0.6,0.06,159,0.0,2.0,0.0,0.1,2.0,0.1,0.05,0.15,0.0
Kacang Tanah Goreng,Olahan,Flora Kacang. Biji & olahannya,560,26.0,49.0,16.0,0.0,0.0,0.0,376.0,4.6,168,705.0,6.0,3.3,1.1,0.0,0.6,0.1,12.0,0.3,240,0.0,0.0,0.0,8.3,0.0,7.0,24.0,15.0,0.0
Kacang Telur,0,Flora Kacang. Biji & olahannya,500,0.0,0.0,0.0,0.0,0.0,0.0,0.0,0.0,0,0.0,0.0,0.0,0.0,0,0.0,0.0,0.0,0.0,0,0.0,0.0,0.0,0.0,0.0,0.0,0.0,0.0,0.0
Kapurung,0,"Makanan Tradisional (Indian Amerika, Alaska)",280,0.0,0.0,0.0,0.0,0.0,0.0,0.0,0.0,0,0.0,0.0,0.0,0.0,0,0.0,0.0,0.0,0.0,0,0.0,0.0,0.0,0.0,0.0,0.0,0.0,0.0,0.0
Kebab Turki (Sapi),0,Makanan Cepat Saji,320,0.0,0.0,0.0,0.0,0.0,0.0,0.0,0.0,0,0.0,0.0,0.0,0.0,0,0.0,0.0,0.0,0.0,0,0.0,0.0,0.0,0.0,0.0,0.0,0.0,0.0,0.0
Kecap Manis,0,"Sup, Saus, dan Kuah Daging/Kaldu",250,0.0,0.0,0.0,0.0,0.0,0.0,0.0,0.0,0,0.0,0.0,0.0,0.0,0,0.0,0.0,0.0,0.0,0,0.0,0.0,0.0,0.0,0.0,0.0,0.0,0.0,0.0
Keju Cheddar Parut,0,"Keju, Susu, Telur & olahannya",110,0.0,0.0,0.0,0.0,0.0,0.0,0.0,0.0,0,0.0,0.0,0.0,0.0,0,0.0,0.0,0.0,0.0,0,0.0,0.0,0.0,0.0,0.0,0.0,0.0,0.0,0.0
Kembang Tahu (Kuah Jahe),0,Flora Polong-polongan & olahannya,120,0.0,0.0,0.0,0.0,0.0,0.0,0.0,0.0,0,0.0,0.0,0.0,0.0,0,0.0,0.0,0.0,0.0,0,0.0,0.0,0.0,0.0,0.0,0.0,0.0,0.0,0.0
Kentang Goreng (French Fries),0,Makanan Cepat Saji,300,0.0,0.0,0.0,0.0,0.0,0.0,0.0,0.0,0,0.0,0.0,0.0,0.0,0,0.0,0.0,0.0,0.0,0,0.0,0.0,0.0,0.0,0.0,0.0,0.0,0.0,0.0
Kerang Hijau Saus Padang,0,"Hewan Ikan, Kerang & olahannya",200,0.0,0.0,0.0,0.0,0.0,0.0,0.0,0.0,0,0.0,0.0,0.0,0.0,0,0.0,0.0,0.0,0.0,0,0.0,0.0,0.0,0.0,0.0,0.0,0.0,0.0,0.0
Keripik Ayam,0,Makanan Ringan,290,0.0,0.0,0.0,0.0,0.0,0.0,0.0,0.0,0,0.0,0.0,0.0,0.0,0,0.0,0.0,0.0,0.0,0,0.0,0.0,0.0,0.0,0.0,0.0,0.0,0.0,0.0
Keripik Keju,0,Makanan Ringan,284,0.0,0.0,0.0,0.0,0.0,0.0,0.0,0.0,0,0.0,0.0,0.0,0.0,0,0.0,0.0,0.0,0.0,0,0.0,0.0,0.0,0.0,0.0,0.0,0.0,0.0,0.0
Keripik Madu,0,Makanan Ringan,279,0.0,0.0,0.0,0.0,0.0,0.0,0.0,0.0,0,0.0,0.0,0.0,0.0,0,0.0,0.0,0.0,0.0,0,0.0,0.0,0.0,0.0,0.0,0.0,0.0,0.0,0.0
Keripik Mentega,0,Makanan Ringan,273,0.0,0.0,0.0,0.0,0.0,0.0,0.0,0.0,0,0.0,0.0,0.0,0.0,0,0.0,0.0,0.0,0.0,0,0.0,0.0,0.0,0.0,0.0,0.0,0.0,0.0,0.0
Keripik Pedas,0,Makanan Ringan,277,0.0,0.0,0.0,0.0,0.0,0.0,0.0,0.0,0,0.0,0.0,0.0,0.0,0,0.0,0.0,0.0,0.0,0,0.0,0.0,0.0,0.0,0.0,0.0,0.0,0.0,0.0
Keripik Sapi,0,Makanan Ringan,269,0.0,0.0,0.0,0.0,0.0,0.0,0.0,0.0,0,0.0,0.0,0.0,0.0,0,0.0,0.0,0.0,0.0,0,0.0,0.0,0.0,0.0,0.0,0.0,0.0,0.0,0.0
Keripik Seafood,0,Makanan Ringan,276,0.0,0.0,0.0,0.0,0.0,0.0,0.0,0.0,0,0.0,0.0,0.0,0.0,0,0.0,0.0,0.0,0.0,0,0.0,0.0,0.0,0.0,0.0,0.0,0.0,0.0,0.0
Keripik Singkong Balado,0,Makanan Ringan,250,0.0,0.0,0.0,0.0,0.0,0.0,0.0,0.0,0,0.0,0.0,0.0,0.0,0,0.0,0.0,0.0,0.0,0,0.0,0.0,0.0,0.0,0.0,0.0,0.0,0.0,0.0
Keripik Spesial,0,Makanan Ringan,261,0.0,0.0,0.0,0.0,0.0,0.0,0.0,0.0,0,0.0,0.0,0.0,0.0,0,0.0,0.0,0.0,0.0,0,0.0,0.0,0.0,0.0,0.0,0.0,0.0,0.0,0.0
Kerupuk Kulit,0,Makanan Ringan,200,0.0,0.0,0.0,0.0,0.0,0.0,0.0,0.0,0,0.0,0.0,0.0,0.0,0,0.0,0.0,0.0,0.0,0,0.0,0.0,0.0,0.0,0.0,0.0,0.0,0.0,0.0
Kerupuk Udang,0,Makanan Ringan,150,0.0,0.0,0.0,0.0,0.0,0.0,0.0,0.0,0,0.0,0.0,0.0,0.0,0,0.0,0.0,0.0,0.0,0,0.0,0.0,0.0,0.0,0.0,0.0,0.0,0.0,0.0
Ketoprak (Tanpa Telur),0,Flora Sayuran & olahannya,350,0.0,0.0,0.0,0.0,0.0,0.0,0.0,0.0,0,0.0,0.0,0.0,0.0,0,0.0,0.0,0.0,0.0,0,0.0,0.0,0.0,0.0,0.0,0.0,0.0,0.0,0.0
Klepon Ketan,0,Makanan Ringan,120,0.0,0.0,0.0,0.0,0.0,0.0,0.0,0.0,0,0.0,0.0,0.0,0.0,0,0.0,0.0,0.0,0.0,0,0.0,0.0,0.0,0.0,0.0,0.0,0.0,0.0,0.0
Konro Bakar,0,"Makanan Tradisional (Indian Amerika, Alaska)",400,0.0,0.0,0.0,0.0,0.0,0.0,0.0,0.0,0,0.0,0.0,0.0,0.0,0,0.0,0.0,0.0,0.0,0,0.0,0.0,0.0,0.0,0.0,0.0,0.0,0.0,0.0
Kopi Susu Gula Aren,0,Minuman,220,0.0,0.0,0.0,0.0,0.0,0.0,0.0,0.0,0,0.0,0.0,0.0,0.0,0,0.0,0.0,0.0,0.0,0,0.0,0.0,0.0,0.0,0.0,0.0,0.0,0.0,0.0
Kopi Tubruk,0,Minuman,15,0.0,0.0,0.0,0.0,0.0,0.0,0.0,0.0,0,0.0,0.0,0.0,0.0,0,0.0,0.0,0.0,0.0,0,0.0,0.0,0.0,0.0,0.0,0.0,0.0,0.0,0.0
Krengsengan Kambing,0,"Hewan Domba, Sapi Muda, Hasil Buruan",260,0.0,0.0,0.0,0.0,0.0,0.0,0.0,0.0,0,0.0,0.0,0.0,0.0,0,0.0,0.0,0.0,0.0,0,0.0,0.0,0.0,0.0,0.0,0.0,0.0,0.0,0.0
Kroket Kentang,0,Makanan Pembuka dan Lauk,180,0.0,0.0,0.0,0.0,0.0,0.0,0.0,0.0,0,0.0,0.0,0.0,0.0,0,0.0,0.0,0.0,0.0,0,0.0,0.0,0.0,0.0,0.0,0.0,0.0,0.0,0.0
Kue Cubit Setengah Matang,0,Makanan Ringan,180,0.0,0.0,0.0,0.0,0.0,0.0,0.0,0.0,0,0.0,0.0,0.0,0.0,0,0.0,0.0,0.0,0.0,0,0.0,0.0,0.0,0.0,0.0,0.0,0.0,0.0,0.0
Kue Kastengel,0,Produk Panggang & olahannya,460,0.0,0.0,0.0,0.0,0.0,0.0,0.0,0.0,0,0.0,0.0,0.0,0.0,0,0.0,0.0,0.0,0.0,0,0.0,0.0,0.0,0.0,0.0,0.0,0.0,0.0,0.0
Kue Nastar,0,Produk Panggang & olahannya,450,0.0,0.0,0.0,0.0,0.0,0.0,0.0,0.0,0,0.0,0.0,0.0,0.0,0,0.0,0.0,0.0,0.0,0,0.0,0.0,0.0,0.0,0.0,0.0,0.0,0.0,0.0
Kue Putu Ayu,0,Makanan Ringan,130,0.0,0.0,0.0,0.0,0.0,0.0,0.0,0.0,0,0.0,0.0,0.0,0.0,0,0.0,0.0,0.0,0.0,0,0.0,0.0,0.0,0.0,0.0,0.0,0.0,0.0,0.0
Kunyit (Segar),Mentah,Flora Rempah dan Herbal,350,8.0,10.0,65.0,0.0,0.0,0.0,268.0,41.0,193,2525.0,38.0,4.3,0.6,25.9,0.15,0.23,5.1,1.8,39,0.0,0.0,0.0,0.0,0.0,3.0,1.5,2.0,0.0
Kupat Tahu,0,Flora Sereal (Sarapan),260,0.0,0.0,0.0,0.0,0.0,0.0,0.0,0.0,0,0.0,0.0,0.0,0.0,0,0.0,0.0,0.0,0.0,0,0.0,0.0,0.0,0.0,0.0,0.0,0.0,0.0,0.0
Kwetiau Ayam,0,"Flora Sereal Biji-Bijian, Pasta & olahannya",263,0.0,0.0,0.0,0.0,0.0,0.0,0.0,0.0,0,0.0,0.0,0.0,0.0,0,0.0,0.0,0.0,0.0,0,0.0,0.0,0.0,0.0,0.0,0.0,0.0,0.0,0.0
Kwetiau Keju,0,"Flora Sereal Biji-Bijian, Pasta & olahannya",239,0.0,0.0,0.0,0.0,0.0,0.0,0.0,0.0,0,0.0,0.0,0.0,0.0,0,0.0,0.0,0.0,0.0,0,0.0,0.0,0.0,0.0,0.0,0.0,0.0,0.0,0.0
Kwetiau Madu,0,"Flora Sereal Biji-Bijian, Pasta & olahannya",230,0.0,0.0,0.0,0.0,0.0,0.0,0.0,0.0,0,0.0,0.0,0.0,0.0,0,0.0,0.0,0.0,0.0,0,0.0,0.0,0.0,0.0,0.0,0.0,0.0,0.0,0.0
Kwetiau Mentega,0,"Flora Sereal Biji-Bijian, Pasta & olahannya",234,0.0,0.0,0.0,0.0,0.0,0.0,0.0,0.0,0,0.0,0.0,0.0,0.0,0,0.0,0.0,0.0,0.0,0,0.0,0.0,0.0,0.0,0.0,0.0,0.0,0.0,0.0
Kwetiau Pedas,0,"Flora Sereal Biji-Bijian, Pasta & olahannya",247,0.0,0.0,0.0,0.0,0.0,0.0,0.0,0.0,0,0.0,0.0,0.0,0.0,0,0.0,0.0,0.0,0.0,0,0.0,0.0,0.0,0.0,0.0,0.0,0.0,0.0,0.0
Kwetiau Sapi,0,"Flora Sereal Biji-Bijian, Pasta & olahannya",269,0.0,0.0,0.0,0.0,0.0,0.0,0.0,0.0,0,0.0,0.0,0.0,0.0,0,0.0,0.0,0.0,0.0,0,0.0,0.0,0.0,0.0,0.0,0.0,0.0,0.0,0.0
Kwetiau Seafood,0,"Flora Sereal Biji-Bijian, Pasta & olahannya",268,0.0,0.0,0.0,0.0,0.0,0.0,0.0,0.0,0,0.0,0.0,0.0,0.0,0,0.0,0.0,0.0,0.0,0,0.0,0.0,0.0,0.0,0.0,0.0,0.0,0.0,0.0
Kwetiau Siram Sapi,0,"Flora Sereal Biji-Bijian, Pasta & olahannya",420,0.0,0.0,0.0,0.0,0.0,0.0,0.0,0.0,0,0.0,0.0,0.0,0.0,0,0.0,0.0,0.0,0.0,0,0.0,0.0,0.0,0.0,0.0,0.0,0.0,0.0,0.0
Kwetiau Spesial,0,"Flora Sereal Biji-Bijian, Pasta & olahannya",236,0.0,0.0,0.0,0.0,0.0,0.0,0.0,0.0,0,0.0,0.0,0.0,0.0,0,0.0,0.0,0.0,0.0,0,0.0,0.0,0.0,0.0,0.0,0.0,0.0,0.0,0.0
Lapis Legit,0,Produk Panggang & olahannya,400,0.0,0.0,0.0,0.0,0.0,0.0,0.0,0.0,0,0.0,0.0,0.0,0.0,0,0.0,0.0,0.0,0.0,0,0.0,0.0,0.0,0.0,0.0,0.0,0.0,0.0,0.0
Lapis Surabaya,0,Makanan Ringan,200,0.0,0.0,0.0,0.0,0.0,0.0,0.0,0.0,0,0.0,0.0,0.0,0.0,0,0.0,0.0,0.0,0.0,0,0.0,0.0,0.0,0.0,0.0,0.0,0.0,0.0,0.0
Lemper Ayam,0,Makanan Ringan,180,0.0,0.0,0.0,0.0,0.0,0.0,0.0,0.0,0,0.0,0.0,0.0,0.0,0,0.0,0.0,0.0,0.0,0,0.0,0.0,0.0,0.0,0.0,0.0,0.0,0.0,0.0
Lontong Balap,0,Flora Sereal (Sarapan),280,0.0,0.0,0.0,0.0,0.0,0.0,0.0,0.0,0,0.0,0.0,0.0,0.0,0,0.0,0.0,0.0,0.0,0,0.0,0.0,0.0,0.0,0.0,0.0,0.0,0.0,0.0
Lumpia Goreng Semarang,0,Makanan Pembuka dan Lauk,200,0.0,0.0,0.0,0.0,0.0,0.0,0.0,0.0,0,0.0,0.0,0.0,0.0,0,0.0,0.0,0.0,0.0,0,0.0,0.0,0.0,0.0,0.0,0.0,0.0,0.0,0.0
Manggis,Olahan,Flora Buah dan Jus Buah,73,0.4,0.6,18.0,0.0,0.0,0.0,8.0,0.3,13,48.0,7.0,0.1,0.1,2.9,0.05,0.05,0.3,0.04,31,0.0,0.0,0.0,0.0,0.0,0.1,0.1,0.1,0.0
Mangut Lele,0,"Hewan Ikan, Kerang & olahannya",240,0.0,0.0,0.0,0.0,0.0,0.0,0.0,0.0,0,0.0,0.0,0.0,0.0,0,0.0,0.0,0.0,0.0,0,0.0,0.0,0.0,0.0,0.0,0.0,0.0,0.0,0.0
Manisan Mangga,0,Flora Buah dan Jus Buah,180,0.0,0.0,0.0,0.0,0.0,0.0,0.0,0.0,0,0.0,0.0,0.0,0.0,0,0.0,0.0,0.0,0.0,0,0.0,0.0,0.0,0.0,0.0,0.0,0.0,0.0,0.0
Margarin Blueband,0,Minyak dan Lemak,700,0.0,0.0,0.0,0.0,0.0,0.0,0.0,0.0,0,0.0,0.0,0.0,0.0,0,0.0,0.0,0.0,0.0,0,0.0,0.0,0.0,0.0,0.0,0.0,0.0,0.0,0.0
Martabak Manis (Terang Bulan),Olahan,Produk Panggang & olahannya,350,6.0,15.0,45.0,0.0,0.0,0.0,100.0,1.5,20,100.0,300.0,0.5,0.1,0.0,0.1,0.1,1.0,0.1,30,0.2,50.0,0.0,1.0,2.0,8.0,4.0,1.0,35.0
Martabak Telur Bebek,0,Makanan Pembuka dan Lauk,350,0.0,0.0,0.0,0.0,0.0,0.0,0.0,0.0,0,0.0,0.0,0.0,0.0,0,0.0,0.0,0.0,0.0,0,0.0,0.0,0.0,0.0,0.0,0.0,0.0,0.0,0.0
Melon Potong,0,Flora Buah dan Jus Buah,35,0.0,0.0,0.0,0.0,0.0,0.0,0.0,0.0,0,0.0,0.0,0.0,0.0,0,0.0,0.0,0.0,0.0,0,0.0,0.0,0.0,0.0,0.0,0.0,0.0,0.0,0.0
Mentega (Butter),0,Minyak dan Lemak,720,0.0,0.0,0.0,0.0,0.0,0.0,0.0,0.0,0,0.0,0.0,0.0,0.0,0,0.0,0.0,0.0,0.0,0,0.0,0.0,0.0,0.0,0.0,0.0,0.0,0.0,0.0
Mie Aceh Goreng,0,"Flora Sereal Biji-Bijian, Pasta & olahannya",400,0.0,0.0,0.0,0.0,0.0,0.0,0.0,0.0,0,0.0,0.0,0.0,0.0,0,0.0,0.0,0.0,0.0,0,0.0,0.0,0.0,0.0,0.0,0.0,0.0,0.0,0.0
Mie Celor Palembang,0,"Flora Sereal Biji-Bijian, Pasta & olahannya",380,0.0,0.0,0.0,0.0,0.0,0.0,0.0,0.0,0,0.0,0.0,0.0,0.0,0,0.0,0.0,0.0,0.0,0,0.0,0.0,0.0,0.0,0.0,0.0,0.0,0.0,0.0
Mie Goreng,Olahan,"Flora Sereal Biji-Bijian, Pasta & olahannya",230,6.0,10.0,35.0,0.0,0.0,0.0,80.0,1.5,20,100.0,500.0,0.8,0.1,0.0,0.2,0.1,2.0,0.1,30,0.1,10.0,0.0,1.5,2.0,4.0,4.0,1.5,10.0
Mie Goreng Ayam,0,"Flora Sereal Biji-Bijian, Pasta & olahannya",247,0.0,0.0,0.0,0.0,0.0,0.0,0.0,0.0,0,0.0,0.0,0.0,0.0,0,0.0,0.0,0.0,0.0,0,0.0,0.0,0.0,0.0,0.0,0.0,0.0,0.0,0.0
Mie Goreng Keju,0,"Flora Sereal Biji-Bijian, Pasta & olahannya",251,0.0,0.0,0.0,0.0,0.0,0.0,0.0,0.0,0,0.0,0.0,0.0,0.0,0,0.0,0.0,0.0,0.0,0,0.0,0.0,0.0,0.0,0.0,0.0,0.0,0.0,0.0
Mie Goreng Madu,0,"Flora Sereal Biji-Bijian, Pasta & olahannya",238,0.0,0.0,0.0,0.0,0.0,0.0,0.0,0.0,0,0.0,0.0,0.0,0.0,0,0.0,0.0,0.0,0.0,0,0.0,0.0,0.0,0.0,0.0,0.0,0.0,0.0,0.0
Mie Goreng Mentega,0,"Flora Sereal Biji-Bijian, Pasta & olahannya",267,0.0,0.0,0.0,0.0,0.0,0.0,0.0,0.0,0,0.0,0.0,0.0,0.0,0,0.0,0.0,0.0,0.0,0,0.0,0.0,0.0,0.0,0.0,0.0,0.0,0.0,0.0
Mie Goreng Pedas,0,"Flora Sereal Biji-Bijian, Pasta & olahannya",267,0.0,0.0,0.0,0.0,0.0,0.0,0.0,0.0,0,0.0,0.0,0.0,0.0,0,0.0,0.0,0.0,0.0,0,0.0,0.0,0.0,0.0,0.0,0.0,0.0,0.0,0.0
Mie Goreng Sapi,0,"Flora Sereal Biji-Bijian, Pasta & olahannya",266,0.0,0.0,0.0,0.0,0.0,0.0,0.0,0.0,0,0.0,0.0,0.0,0.0,0,0.0,0.0,0.0,0.0,0,0.0,0.0,0.0,0.0,0.0,0.0,0.0,0.0,0.0
Mie Goreng Seafood,0,"Flora Sereal Biji-Bijian, Pasta & olahannya",262,0.0,0.0,0.0,0.0,0.0,0.0,0.0,0.0,0,0.0,0.0,0.0,0.0,0,0.0,0.0,0.0,0.0,0,0.0,0.0,0.0,0.0,0.0,0.0,0.0,0.0,0.0
Mie Goreng Spesial,0,"Flora Sereal Biji-Bijian, Pasta & olahannya",240,0.0,0.0,0.0,0.0,0.0,0.0,0.0,0.0,0,0.0,0.0,0.0,0.0,0,0.0,0.0,0.0,0.0,0,0.0,0.0,0.0,0.0,0.0,0.0,0.0,0.0,0.0
Mie Kocok Bandung,0,"Flora Sereal Biji-Bijian, Pasta & olahannya",350,0.0,0.0,0.0,0.0,0.0,0.0,0.0,0.0,0,0.0,0.0,0.0,0.0,0,0.0,0.0,0.0,0.0,0,0.0,0.0,0.0,0.0,0.0,0.0,0.0,0.0,0.0
Mie Ongklok Wonosobo,0,"Flora Sereal Biji-Bijian, Pasta & olahannya",320,0.0,0.0,0.0,0.0,0.0,0.0,0.0,0.0,0,0.0,0.0,0.0,0.0,0,0.0,0.0,0.0,0.0,0,0.0,0.0,0.0,0.0,0.0,0.0,0.0,0.0,0.0
Mie Titi Makassar,0,"Makanan Tradisional (Indian Amerika, Alaska)",350,0.0,0.0,0.0,0.0,0.0,0.0,0.0,0.0,0,0.0,0.0,0.0,0.0,0,0.0,0.0,0.0,0.0,0,0.0,0.0,0.0,0.0,0.0,0.0,0.0,0.0,0.0
Minyak Goreng Sawit,0,Minyak dan Lemak,880,0.0,0.0,0.0,0.0,0.0,0.0,0.0,0.0,0,0.0,0.0,0.0,0.0,0,0.0,0.0,0.0,0.0,0,0.0,0.0,0.0,0.0,0.0,0.0,0.0,0.0,0.0
Minyak Zaitun,0,Minyak dan Lemak,800,0.0,0.0,0.0,0.0,0.0,0.0,0.0,0.0,0,0.0,0.0,0.0,0.0,0,0.0,0.0,0.0,0.0,0,0.0,0.0,0.0,0.0,0.0,0.0,0.0,0.0,0.0
Nagasari Pisang,0,Makanan Ringan,140,0.0,0.0,0.0,0.0,0.0,0.0,0.0,0.0,0,0.0,0.0,0.0,0.0,0,0.0,0.0,0.0,0.0,0,0.0,0.0,0.0,0.0,0.0,0.0,0.0,0.0,0.0
Nasi Bakar Teri,0,"Flora Sereal Biji-Bijian, Pasta & olahannya",380,0.0,0.0,0.0,0.0,0.0,0.0,0.0,0.0,0,0.0,0.0,0.0,0.0,0,0.0,0.0,0.0,0.0,0,0.0,0.0,0.0,0.0,0.0,0.0,0.0,0.0,0.0
Nasi Bogana,0,Makanan Restoran,450,0.0,0.0,0.0,0.0,0.0,0.0,0.0,0.0,0,0.0,0.0,0.0,0.0,0,0.0,0.0,0.0,0.0,0,0.0,0.0,0.0,0.0,0.0,0.0,0.0,0.0,0.0
Nasi Campur Bali,0,Makanan Restoran,580,0.0,0.0,0.0,0.0,0.0,0.0,0.0,0.0,0,0.0,0.0,0.0,0.0,0,0.0,0.0,0.0,0.0,0,0.0,0.0,0.0,0.0,0.0,0.0,0.0,0.0,0.0
Nasi Goreng Ayam,0,"Flora Sereal Biji-Bijian, Pasta & olahannya",231,0.0,0.0,0.0,0.0,0.0,0.0,0.0,0.0,0,0.0,0.0,0.0,0.0,0,0.0,0.0,0.0,0.0,0,0.0,0.0,0.0,0.0,0.0,0.0,0.0,0.0,0.0
Nasi Goreng Kambing,0,"Hewan Domba, Sapi Muda, Hasil Buruan",350,0.0,0.0,0.0,0.0,0.0,0.0,0.0,0.0,0,0.0,0.0,0.0,0.0,0,0.0,0.0,0.0,0.0,0,0.0,0.0,0.0,0.0,0.0,0.0,0.0,0.0,0.0
Nasi Goreng Keju,0,"Flora Sereal Biji-Bijian, Pasta & olahannya",235,0.0,0.0,0.0,0.0,0.0,0.0,0.0,0.0,0,0.0,0.0,0.0,0.0,0,0.0,0.0,0.0,0.0,0,0.0,0.0,0.0,0.0,0.0,0.0,0.0,0.0,0.0
Nasi Goreng Madu,0,"Flora Sereal Biji-Bijian, Pasta & olahannya",237,0.0,0.0,0.0,0.0,0.0,0.0,0.0,0.0,0,0.0,0.0,0.0,0.0,0,0.0,0.0,0.0,0.0,0,0.0,0.0,0.0,0.0,0.0,0.0,0.0,0.0,0.0
Nasi Goreng Mentega,0,"Flora Sereal Biji-Bijian, Pasta & olahannya",217,0.0,0.0,0.0,0.0,0.0,0.0,0.0,0.0,0,0.0,0.0,0.0,0.0,0,0.0,0.0,0.0,0.0,0,0.0,0.0,0.0,0.0,0.0,0.0,0.0,0.0,0.0
Nasi Goreng Pedas,0,"Flora Sereal Biji-Bijian, Pasta & olahannya",238,0.0,0.0,0.0,0.0,0.0,0.0,0.0,0.0,0,0.0,0.0,0.0,0.0,0,0.0,0.0,0.0,0.0,0,0.0,0.0,0.0,0.0,0.0,0.0,0.0,0.0,0.0
Nasi Goreng Sapi,0,"Flora Sereal Biji-Bijian, Pasta & olahannya",244,0.0,0.0,0.0,0.0,0.0,0.0,0.0,0.0,0,0.0,0.0,0.0,0.0,0,0.0,0.0,0.0,0.0,0,0.0,0.0,0.0,0.0,0.0,0.0,0.0,0.0,0.0
Nasi Goreng Seafood,0,"Flora Sereal Biji-Bijian, Pasta & olahannya",240,0.0,0.0,0.0,0.0,0.0,0.0,0.0,0.0,0,0.0,0.0,0.0,0.0,0,0.0,0.0,0.0,0.0,0,0.0,0.0,0.0,0.0,0.0,0.0,0.0,0.0,0.0
Nasi Goreng Spesial,0,"Flora Sereal Biji-Bijian, Pasta & olahannya",225,0.0,0.0,0.0,0.0,0.0,0.0,0.0,0.0,0,0.0,0.0,0.0,0.0,0,0.0,0.0,0.0,0.0,0,0.0,0.0,0.0,0.0,0.0,0.0,0.0,0.0,0.0
Nasi Gudeg Komplit,0,Makanan Restoran,550,0.0,0.0,0.0,0.0,0.0,0.0,0.0,0.0,0,0.0,0.0,0.0,0.0,0,0.0,0.0,0.0,0.0,0,0.0,0.0,0.0,0.0,0.0,0.0,0.0,0.0,0.0
Nasi Kapau Komplit,0,Makanan Restoran,650,0.0,0.0,0.0,0.0,0.0,0.0,0.0,0.0,0,0.0,0.0,0.0,0.0,0,0.0,0.0,0.0,0.0,0,0.0,0.0,0.0,0.0,0.0,0.0,0.0,0.0,0.0
Nasi Krawu,0,Flora Sereal (Sarapan),320,0.0,0.0,0.0,0.0,0.0,0.0,0.0,0.0,0,0.0,0.0,0.0,0.0,0,0.0,0.0,0.0,0.0,0,0.0,0.0,0.0,0.0,0.0,0.0,0.0,0.0,0.0
Nasi Liwet Solo,0,Flora Sereal (Sarapan),300,0.0,0.0,0.0,0.0,0.0,0.0,0.0,0.0,0,0.0,0.0,0.0,0.0,0,0.0,0.0,0.0,0.0,0,0.0,0.0,0.0,0.0,0.0,0.0,0.0,0.0,0.0
Nasi Padang (Rendang+Sayur),Olahan,Makanan Restoran,600,25.0,20.0,80.0,0.0,0.0,0.0,300.0,4.0,50,500.0,800.0,5.0,0.4,10.0,0.2,0.3,6.0,0.5,50,2.0,500.0,0.0,2.0,50.0,10.0,7.0,2.0,70.0
Nasi Putih,Olahan,"Flora Sereal Biji-Bijian, Pasta & olahannya",130,2.7,0.3,28.0,0.0,0.0,0.0,35.0,0.4,12,35.0,1.0,0.4,0.1,0.0,0.02,0.0,0.4,0.1,5,0.0,0.0,0.0,0.0,0.0,0.1,0.1,0.1,0.0
Nasi Tim Ayam,0,"Flora Sereal Biji-Bijian, Pasta & olahannya",350,0.0,0.0,0.0,0.0,0.0,0.0,0.0,0.0,0,0.0,0.0,0.0,0.0,0,0.0,0.0,0.0,0.0,0,0.0,0.0,0.0,0.0,0.0,0.0,0.0,0.0,0.0
Nasi Timbel Komplit,0,Makanan Restoran,600,0.0,0.0,0.0,0.0,0.0,0.0,0.0,0.0,0,0.0,0.0,0.0,0.0,0,0.0,0.0,0.0,0.0,0,0.0,0.0,0.0,0.0,0.0,0.0,0.0,0.0,0.0
Nasi Uduk,Olahan,Flora Sereal (Sarapan),160,3.0,6.0,25.0,0.0,0.0,0.0,50.0,0.8,10,80.0,150.0,0.5,0.1,0.0,0.05,0.02,1.0,0.05,5,0.0,0.0,0.0,0.2,0.0,5.0,0.5,0.2,0.0
Nasi Ulam,0,Flora Sereal (Sarapan),250,0.0,0.0,0.0,0.0,0.0,0.0,0.0,0.0,0,0.0,0.0,0.0,0.0,0,0.0,0.0,0.0,0.0,0,0.0,0.0,0.0,0.0,0.0,0.0,0.0,0.0,0.0
Nugget Goreng,0,Hewan Daging Sosis dan Makan Siang,280,0.0,0.0,0.0,0.0,0.0,0.0,0.0,0.0,0,0.0,0.0,0.0,0.0,0,0.0,0.0,0.0,0.0,0,0.0,0.0,0.0,0.0,0.0,0.0,0.0,0.0,0.0
Onde-Onde,0,Makanan Ringan,150,0.0,0.0,0.0,0.0,0.0,0.0,0.0,0.0,0,0.0,0.0,0.0,0.0,0,0.0,0.0,0.0,0.0,0,0.0,0.0,0.0,0.0,0.0,0.0,0.0,0.0,0.0
Oseng Mercon,0,"Hewan Kerbau, Sapi & olahannya",250,0.0,0.0,0.0,0.0,0.0,0.0,0.0,0.0,0,0.0,0.0,0.0,0.0,0,0.0,0.0,0.0,0.0,0,0.0,0.0,0.0,0.0,0.0,0.0,0.0,0.0,0.0
Pallubasa,0,"Makanan Tradisional (Indian Amerika, Alaska)",350,0.0,0.0,0.0,0.0,0.0,0.0,0.0,0.0,0,0.0,0.0,0.0,0.0,0,0.0,0.0,0.0,0.0,0,0.0,0.0,0.0,0.0,0.0,0.0,0.0,0.0,0.0
Papeda Ikan Kuah Kuning,0,"Makanan Tradisional (Indian Amerika, Alaska)",300,0.0,0.0,0.0,0.0,0.0,0.0,0.0,0.0,0,0.0,0.0,0.0,0.0,0,0.0,0.0,0.0,0.0,0,0.0,0.0,0.0,0.0,0.0,0.0,0.0,0.0,0.0
Paru Goreng,0,"Hewan Kerbau, Sapi & olahannya",350,0.0,0.0,0.0,0.0,0.0,0.0,0.0,0.0,0,0.0,0.0,0.0,0.0,0,0.0,0.0,0.0,0.0,0,0.0,0.0,0.0,0.0,0.0,0.0,0.0,0.0,0.0
Pempek Kapal Selam,0,"Hewan Ikan, Kerang & olahannya",300,0.0,0.0,0.0,0.0,0.0,0.0,0.0,0.0,0,0.0,0.0,0.0,0.0,0,0.0,0.0,0.0,0.0,0,0.0,0.0,0.0,0.0,0.0,0.0,0.0,0.0,0.0
Pempek Lenjer,0,"Hewan Ikan, Kerang & olahannya",250,0.0,0.0,0.0,0.0,0.0,0.0,0.0,0.0,0,0.0,0.0,0.0,0.0,0,0.0,0.0,0.0,0.0,0,0.0,0.0,0.0,0.0,0.0,0.0,0.0,0.0,0.0
Pepaya Potong,0,Flora Buah dan Jus Buah,45,0.0,0.0,0.0,0.0,0.0,0.0,0.0,0.0,0,0.0,0.0,0.0,0.0,0,0.0,0.0,0.0,0.0,0,0.0,0.0,0.0,0.0,0.0,0.0,0.0,0.0,0.0
Pepes Ikan Mas,0,"Hewan Ikan, Kerang & olahannya",150,0.0,0.0,0.0,0.0,0.0,0.0,0.0,0.0,0,0.0,0.0,0.0,0.0,0,0.0,0.0,0.0,0.0,0,0.0,0.0,0.0,0.0,0.0,0.0,0.0,0.0,0.0
Perkedel Jagung,0,Makanan Pembuka dan Lauk,140,0.0,0.0,0.0,0.0,0.0,0.0,0.0,0.0,0,0.0,0.0,0.0,0.0,0,0.0,0.0,0.0,0.0,0,0.0,0.0,0.0,0.0,0.0,0.0,0.0,0.0,0.0
Perkedel Kentang,0,Makanan Pembuka dan Lauk,150,0.0,0.0,0.0,0.0,0.0,0.0,0.0,0.0,0,0.0,0.0,0.0,0.0,0,0.0,0.0,0.0,0.0,0,0.0,0.0,0.0,0.0,0.0,0.0,0.0,0.0,0.0
Permen Asem,0,Permen,15,0.0,0.0,0.0,0.0,0.0,0.0,0.0,0.0,0,0.0,0.0,0.0,0.0,0,0.0,0.0,0.0,0.0,0,0.0,0.0,0.0,0.0,0.0,0.0,0.0,0.0,0.0
Permen Jahe,0,Permen,20,0.0,0.0,0.0,0.0,0.0,0.0,0.0,0.0,0,0.0,0.0,0.0,0.0,0,0.0,0.0,0.0,0.0,0,0.0,0.0,0.0,0.0,0.0,0.0,0.0,0.0,0.0
Permen Karet,0,Permen,10,0.0,0.0,0.0,0.0,0.0,0.0,0.0,0.0,0,0.0,0.0,0.0,0.0,0,0.0,0.0,0.0,0.0,0,0.0,0.0,0.0,0.0,0.0,0.0,0.0,0.0,0.0
Pia Legong,0,Produk Panggang & olahannya,300,0.0,0.0,0.0,0.0,0.0,0.0,0.0,0.0,0,0.0,0.0,0.0,0.0,0,0.0,0.0,0.0,0.0,0,0.0,0.0,0.0,0.0,0.0,0.0,0.0,0.0,0.0
Pindang Patin,0,"Hewan Ikan, Kerang & olahannya",160,0.0,0.0,0.0,0.0,0.0,0.0,0.0,0.0,0,0.0,0.0,0.0,0.0,0,0.0,0.0,0.0,0.0,0,0.0,0.0,0.0,0.0,0.0,0.0,0.0,0.0,0.0
Pisang Ambon,0,Flora Buah dan Jus Buah,90,0.0,0.0,0.0,0.0,0.0,0.0,0.0,0.0,0,0.0,0.0,0.0,0.0,0,0.0,0.0,0.0,0.0,0,0.0,0.0,0.0,0.0,0.0,0.0,0.0,0.0,0.0
Pisang Goreng Keju,0,Makanan Ringan,250,0.0,0.0,0.0,0.0,0.0,0.0,0.0,0.0,0,0.0,0.0,0.0,0.0,0,0.0,0.0,0.0,0.0,0,0.0,0.0,0.0,0.0,0.0,0.0,0.0,0.0,0.0
Pizza Meat Lover (Slice),0,Makanan Cepat Saji,280,0.0,0.0,0.0,0.0,0.0,0.0,0.0,0.0,0,0.0,0.0,0.0,0.0,0,0.0,0.0,0.0,0.0,0,0.0,0.0,0.0,0.0,0.0,0.0,0.0,0.0,0.0
Plecing Kangkung,0,Flora Sayuran & olahannya,90,0.0,0.0,0.0,0.0,0.0,0.0,0.0,0.0,0,0.0,0.0,0.0,0.0,0,0.0,0.0,0.0,0.0,0,0.0,0.0,0.0,0.0,0.0,0.0,0.0,0.0,0.0
Puree Pisang,0,Makanan Bayi,90,0.0,0.0,0.0,0.0,0.0,0.0,0.0,0.0,0,0.0,0.0,0.0,0.0,0,0.0,0.0,0.0,0.0,0,0.0,0.0,0.0,0.0,0.0,0.0,0.0,0.0,0.0
Puree Wortel Kentang,0,Makanan Bayi,80,0.0,0.0,0.0,0.0,0.0,0.0,0.0,0.0,0,0.0,0.0,0.0,0.0,0,0.0,0.0,0.0,0.0,0,0.0,0.0,0.0,0.0,0.0,0.0,0.0,0.0,0.0
Rambutan,Olahan,Flora Buah dan Jus Buah,82,0.7,0.2,21.0,0.0,0.0,0.0,9.0,0.4,7,42.0,11.0,0.1,0.0,4.9,0.0,0.0,1.4,0.0,8,0.0,0.0,0.0,0.0,0.0,0.0,0.0,0.0,0.0
Rawon Daging,0,"Sup, Saus, dan Kuah Daging/Kaldu",180,0.0,0.0,0.0,0.0,0.0,0.0,0.0,0.0,0,0.0,0.0,0.0,0.0,0,0.0,0.0,0.0,0.0,0,0.0,0.0,0.0,0.0,0.0,0.0,0.0,0.0,0.0
Rempeyek Kacang,0,Makanan Ringan,220,0.0,0.0,0.0,0.0,0.0,0.0,0.0,0.0,0,0.0,0.0,0.0,0.0,0,0.0,0.0,0.0,0.0,0,0.0,0.0,0.0,0.0,0.0,0.0,0.0,0.0,0.0
Rendang Sapi,Olahan,"Hewan Kerbau, Sapi & olahannya",250,22.0,16.0,5.0,0.0,0.0,0.0,200.0,3.0,25,350.0,400.0,5.0,0.2,0.0,0.05,0.2,4.0,0.3,5,2.0,10.0,0.0,0.5,1.0,9.0,6.0,0.5,70.0
Risol Mayo,0,Makanan Pembuka dan Lauk,220,0.0,0.0,0.0,0.0,0.0,0.0,0.0,0.0,0,0.0,0.0,0.0,0.0,0,0.0,0.0,0.0,0.0,0,0.0,0.0,0.0,0.0,0.0,0.0,0.0,0.0,0.0
Rolade Daging Sapi,0,Hewan Daging Sosis dan Makan Siang,220,0.0,0.0,0.0,0.0,0.0,0.0,0.0,0.0,0,0.0,0.0,0.0,0.0,0,0.0,0.0,0.0,0.0,0,0.0,0.0,0.0,0.0,0.0,0.0,0.0,0.0,0.0
Roti Bakar Coklat Keju,0,Produk Panggang & olahannya,350,0.0,0.0,0.0,0.0,0.0,0.0,0.0,0.0,0,0.0,0.0,0.0,0.0,0,0.0,0.0,0.0,0.0,0,0.0,0.0,0.0,0.0,0.0,0.0,0.0,0.0,0.0
Roti Gandum,0,Produk Panggang & olahannya,240,0.0,0.0,0.0,0.0,0.0,0.0,0.0,0.0,0,0.0,0.0,0.0,0.0,0,0.0,0.0,0.0,0.0,0,0.0,0.0,0.0,0.0,0.0,0.0,0.0,0.0,0.0
Roti Tawar Putih,0,Produk Panggang & olahannya,260,0.0,0.0,0.0,0.0,0.0,0.0,0.0,0.0,0,0.0,0.0,0.0,0.0,0,0.0,0.0,0.0,0.0,0,0.0,0.0,0.0,0.0,0.0,0.0,0.0,0.0,0.0
Rujak Buah Potong,0,Flora Buah dan Jus Buah,140,0.0,0.0,0.0,0.0,0.0,0.0,0.0,0.0,0,0.0,0.0,0.0,0.0,0,0.0,0.0,0.0,0.0,0,0.0,0.0,0.0,0.0,0.0,0.0,0.0,0.0,0.0
STMJ (Susu Telur Madu Jahe),0,Minuman,200,0.0,0.0,0.0,0.0,0.0,0.0,0.0,0.0,0,0.0,0.0,0.0,0.0,0,0.0,0.0,0.0,0.0,0,0.0,0.0,0.0,0.0,0.0,0.0,0.0,0.0,0.0
Saksang Babi,0,Hewan Pork (Babi) & olahannya,300,0.0,0.0,0.0,0.0,0.0,0.0,0.0,0.0,0,0.0,0.0,0.0,0.0,0,0.0,0.0,0.0,0.0,0,0.0,0.0,0.0,0.0,0.0,0.0,0.0,0.0,0.0
Salak Pondoh,Olahan,Flora Buah dan Jus Buah,77,0.4,0.0,21.0,0.0,0.0,0.0,18.0,4.2,0,0.0,0.0,0.0,0.0,2.0,0.04,0.0,0.0,0.0,0,0.0,0.0,0.0,0.0,0.0,0.0,0.0,0.0,0.0
Sambal Ayam,0,Flora Rempah dan Herbal,126,0.0,0.0,0.0,0.0,0.0,0.0,0.0,0.0,0,0.0,0.0,0.0,0.0,0,0.0,0.0,0.0,0.0,0,0.0,0.0,0.0,0.0,0.0,0.0,0.0,0.0,0.0
Sambal Bajak,0,Flora Rempah dan Herbal,120,0.0,0.0,0.0,0.0,0.0,0.0,0.0,0.0,0,0.0,0.0,0.0,0.0,0,0.0,0.0,0.0,0.0,0,0.0,0.0,0.0,0.0,0.0,0.0,0.0,0.0,0.0
Sambal Dabu-dabu,0,Flora Rempah dan Herbal,90,0.0,0.0,0.0,0.0,0.0,0.0,0.0,0.0,0,0.0,0.0,0.0,0.0,0,0.0,0.0,0.0,0.0,0,0.0,0.0,0.0,0.0,0.0,0.0,0.0,0.0,0.0
Sambal Ijo Padang,0,Flora Rempah dan Herbal,140,0.0,0.0,0.0,0.0,0.0,0.0,0.0,0.0,0,0.0,0.0,0.0,0.0,0,0.0,0.0,0.0,0.0,0,0.0,0.0,0.0,0.0,0.0,0.0,0.0,0.0,0.0
Sambal Keju,0,Flora Rempah dan Herbal,131,0.0,0.0,0.0,0.0,0.0,0.0,0.0,0.0,0,0.0,0.0,0.0,0.0,0,0.0,0.0,0.0,0.0,0,0.0,0.0,0.0,0.0,0.0,0.0,0.0,0.0,0.0
Sambal Madu,0,Flora Rempah dan Herbal,122,0.0,0.0,0.0,0.0,0.0,0.0,0.0,0.0,0,0.0,0.0,0.0,0.0,0,0.0,0.0,0.0,0.0,0,0.0,0.0,0.0,0.0,0.0,0.0,0.0,0.0,0.0
Sambal Matah,0,Flora Rempah dan Herbal,130,0.0,0.0,0.0,0.0,0.0,0.0,0.0,0.0,0,0.0,0.0,0.0,0.0,0,0.0,0.0,0.0,0.0,0,0.0,0.0,0.0,0.0,0.0,0.0,0.0,0.0,0.0
Sambal Mentega,0,Flora Rempah dan Herbal,146,0.0,0.0,0.0,0.0,0.0,0.0,0.0,0.0,0,0.0,0.0,0.0,0.0,0,0.0,0.0,0.0,0.0,0,0.0,0.0,0.0,0.0,0.0,0.0,0.0,0.0,0.0
Sambal Pedas,0,Flora Rempah dan Herbal,135,0.0,0.0,0.0,0.0,0.0,0.0,0.0,0.0,0,0.0,0.0,0.0,0.0,0,0.0,0.0,0.0,0.0,0,0.0,0.0,0.0,0.0,0.0,0.0,0.0,0.0,0.0
Sambal Sapi,0,Flora Rempah dan Herbal,143,0.0,0.0,0.0,0.0,0.0,0.0,0.0,0.0,0,0.0,0.0,0.0,0.0,0,0.0,0.0,0.0,0.0,0,0.0,0.0,0.0,0.0,0.0,0.0,0.0,0.0,0.0
Sambal Seafood,0,Flora Rempah dan Herbal,136,0.0,0.0,0.0,0.0,0.0,0.0,0.0,0.0,0,0.0,0.0,0.0,0.0,0,0.0,0.0,0.0,0.0,0,0.0,0.0,0.0,0.0,0.0,0.0,0.0,0.0,0.0
Sambal Spesial,0,Flora Rempah dan Herbal,139,0.0,0.0,0.0,0.0,0.0,0.0,0.0,0.0,0,0.0,0.0,0.0,0.0,0,0.0,0.0,0.0,0.0,0,0.0,0.0,0.0,0.0,0.0,0.0,0.0,0.0,0.0
Sambal Terasi,Olahan,Flora Rempah dan Herbal,90,3.0,4.0,12.0,0.0,0.0,0.0,20.0,1.0,15,200.0,450.0,0.2,0.1,30.0,0.05,0.1,1.0,0.2,10,0.0,500.0,0.0,1.0,2.0,1.5,1.5,0.5,2.0
Santan Kental,0,Minyak dan Lemak,350,0.0,0.0,0.0,0.0,0.0,0.0,0.0,0.0,0,0.0,0.0,0.0,0.0,0,0.0,0.0,0.0,0.0,0,0.0,0.0,0.0,0.0,0.0,0.0,0.0,0.0,0.0
Sari Dele (Susu Kedelai),0,Flora Polong-polongan & olahannya,80,0.0,0.0,0.0,0.0,0.0,0.0,0.0,0.0,0,0.0,0.0,0.0,0.0,0,0.0,0.0,0.0,0.0,0,0.0,0.0,0.0,0.0,0.0,0.0,0.0,0.0,0.0
Sate Ayam,Olahan,"Hewan Ayam, Bebek, Angsa, Kalkun, Unggas",200,20.0,10.0,8.0,0.0,0.0,0.0,180.0,1.2,22,220.0,280.0,1.2,0.08,0.0,0.06,0.12,7.0,0.4,6,0.3,20.0,0.0,0.5,1.0,3.0,4.0,2.0,70.0
Sate Bandeng Banten,0,"Makanan Tradisional (Indian Amerika, Alaska)",200,0.0,0.0,0.0,0.0,0.0,0.0,0.0,0.0,0,0.0,0.0,0.0,0.0,0,0.0,0.0,0.0,0.0,0,0.0,0.0,0.0,0.0,0.0,0.0,0.0,0.0,0.0
Sate Kambing,Olahan,"Hewan Domba, Sapi Muda, Hasil Buruan",215,22.0,14.0,1.0,0.0,0.0,0.0,200.0,3.5,25,300.0,150.0,4.0,0.3,0.0,0.1,0.2,6.0,0.1,5,2.5,0.0,0.0,0.2,0.0,6.0,6.0,1.0,75.0
Sate Klatak,0,"Hewan Domba, Sapi Muda, Hasil Buruan",200,0.0,0.0,0.0,0.0,0.0,0.0,0.0,0.0,0,0.0,0.0,0.0,0.0,0,0.0,0.0,0.0,0.0,0,0.0,0.0,0.0,0.0,0.0,0.0,0.0,0.0,0.0
Sate Lilit Ikan,0,"Hewan Ikan, Kerang & olahannya",180,0.0,0.0,0.0,0.0,0.0,0.0,0.0,0.0,0,0.0,0.0,0.0,0.0,0,0.0,0.0,0.0,0.0,0,0.0,0.0,0.0,0.0,0.0,0.0,0.0,0.0,0.0
Sate Madura,0,"Hewan Ayam, Bebek, Angsa, Kalkun, Unggas",220,0.0,0.0,0.0,0.0,0.0,0.0,0.0,0.0,0,0.0,0.0,0.0,0.0,0,0.0,0.0,0.0,0.0,0,0.0,0.0,0.0,0.0,0.0,0.0,0.0,0.0,0.0
Sate Padang (Lidah/Daging),0,"Hewan Kerbau, Sapi & olahannya",220,0.0,0.0,0.0,0.0,0.0,0.0,0.0,0.0,0,0.0,0.0,0.0,0.0,0,0.0,0.0,0.0,0.0,0,0.0,0.0,0.0,0.0,0.0,0.0,0.0,0.0,0.0
Sate Taichan,0,"Hewan Ayam, Bebek, Angsa, Kalkun, Unggas",180,0.0,0.0,0.0,0.0,0.0,0.0,0.0,0.0,0,0.0,0.0,0.0,0.0,0,0.0,0.0,0.0,0.0,0,0.0,0.0,0.0,0.0,0.0,0.0,0.0,0.0,0.0
Saus Sambal Botolan,0,"Sup, Saus, dan Kuah Daging/Kaldu",100,0.0,0.0,0.0,0.0,0.0,0.0,0.0,0.0,0,0.0,0.0,0.0,0.0,0,0.0,0.0,0.0,0.0,0,0.0,0.0,0.0,0.0,0.0,0.0,0.0,0.0,0.0
Saus Tiram,0,"Sup, Saus, dan Kuah Daging/Kaldu",80,0.0,0.0,0.0,0.0,0.0,0.0,0.0,0.0,0,0.0,0.0,0.0,0.0,0,0.0,0.0,0.0,0.0,0,0.0,0.0,0.0,0.0,0.0,0.0,0.0,0.0,0.0
Sayur Asem,Olahan,Flora Sayuran & olahannya,40,2.0,1.5,8.0,0.0,0.0,0.0,30.0,1.5,20,250.0,300.0,0.5,0.1,5.0,0.1,0.1,1.0,0.1,20,0.0,100.0,0.0,0.5,10.0,0.5,0.5,0.2,0.0
Sayur Asem Jakarta,0,"Sup, Saus, dan Kuah Daging/Kaldu",60,0.0,0.0,0.0,0.0,0.0,0.0,0.0,0.0,0,0.0,0.0,0.0,0.0,0,0.0,0.0,0.0,0.0,0,0.0,0.0,0.0,0.0,0.0,0.0,0.0,0.0,0.0
Sayur Bobor Bayam,0,Flora Sayuran & olahannya,90,0.0,0.0,0.0,0.0,0.0,0.0,0.0,0.0,0,0.0,0.0,0.0,0.0,0,0.0,0.0,0.0,0.0,0,0.0,0.0,0.0,0.0,0.0,0.0,0.0,0.0,0.0
Sayur Daun Pepaya,0,Flora Sayuran & olahannya,60,0.0,0.0,0.0,0.0,0.0,0.0,0.0,0.0,0,0.0,0.0,0.0,0.0,0,0.0,0.0,0.0,0.0,0,0.0,0.0,0.0,0.0,0.0,0.0,0.0,0.0,0.0
Sayur Lodeh Santan,0,"Sup, Saus, dan Kuah Daging/Kaldu",150,0.0,0.0,0.0,0.0,0.0,0.0,0.0,0.0,0,0.0,0.0,0.0,0.0,0,0.0,0.0,0.0,0.0,0,0.0,0.0,0.0,0.0,0.0,0.0,0.0,0.0,0.0
Sayur Lodeh Tewel,0,Flora Sayuran & olahannya,130,0.0,0.0,0.0,0.0,0.0,0.0,0.0,0.0,0,0.0,0.0,0.0,0.0,0,0.0,0.0,0.0,0.0,0,0.0,0.0,0.0,0.0,0.0,0.0,0.0,0.0,0.0
Seblak Ceker,0,Makanan Ringan,300,0.0,0.0,0.0,0.0,0.0,0.0,0.0,0.0,0,0.0,0.0,0.0,0.0,0,0.0,0.0,0.0,0.0,0,0.0,0.0,0.0,0.0,0.0,0.0,0.0,0.0,0.0
Sei Sapi Asap,0,"Hewan Kerbau, Sapi & olahannya",200,0.0,0.0,0.0,0.0,0.0,0.0,0.0,0.0,0,0.0,0.0,0.0,0.0,0,0.0,0.0,0.0,0.0,0,0.0,0.0,0.0,0.0,0.0,0.0,0.0,0.0,0.0
Semangka Merah,0,Flora Buah dan Jus Buah,30,0.0,0.0,0.0,0.0,0.0,0.0,0.0,0.0,0,0.0,0.0,0.0,0.0,0,0.0,0.0,0.0,0.0,0,0.0,0.0,0.0,0.0,0.0,0.0,0.0,0.0,0.0
Sinonggi,0,"Makanan Tradisional (Indian Amerika, Alaska)",280,0.0,0.0,0.0,0.0,0.0,0.0,0.0,0.0,0,0.0,0.0,0.0,0.0,0,0.0,0.0,0.0,0.0,0,0.0,0.0,0.0,0.0,0.0,0.0,0.0,0.0,0.0
Siobak,0,Hewan Pork (Babi) & olahannya,380,0.0,0.0,0.0,0.0,0.0,0.0,0.0,0.0,0,0.0,0.0,0.0,0.0,0,0.0,0.0,0.0,0.0,0,0.0,0.0,0.0,0.0,0.0,0.0,0.0,0.0,0.0
Siomay Bandung,0,Makanan Pembuka dan Lauk,250,0.0,0.0,0.0,0.0,0.0,0.0,0.0,0.0,0,0.0,0.0,0.0,0.0,0,0.0,0.0,0.0,0.0,0,0.0,0.0,0.0,0.0,0.0,0.0,0.0,0.0,0.0
Sop Buah Susu,0,Flora Buah dan Jus Buah,280,0.0,0.0,0.0,0.0,0.0,0.0,0.0,0.0,0,0.0,0.0,0.0,0.0,0,0.0,0.0,0.0,0.0,0,0.0,0.0,0.0,0.0,0.0,0.0,0.0,0.0,0.0
Sop Buntut,0,"Sup, Saus, dan Kuah Daging/Kaldu",200,0.0,0.0,0.0,0.0,0.0,0.0,0.0,0.0,0,0.0,0.0,0.0,0.0,0,0.0,0.0,0.0,0.0,0,0.0,0.0,0.0,0.0,0.0,0.0,0.0,0.0,0.0
Sop Iga Sapi,0,"Sup, Saus, dan Kuah Daging/Kaldu",220,0.0,0.0,0.0,0.0,0.0,0.0,0.0,0.0,0,0.0,0.0,0.0,0.0,0,0.0,0.0,0.0,0.0,0,0.0,0.0,0.0,0.0,0.0,0.0,0.0,0.0,0.0
Sosis Bakar Mayones,0,Hewan Daging Sosis dan Makan Siang,320,0.0,0.0,0.0,0.0,0.0,0.0,0.0,0.0,0,0.0,0.0,0.0,0.0,0,0.0,0.0,0.0,0.0,0,0.0,0.0,0.0,0.0,0.0,0.0,0.0,0.0,0.0
Sosis Sapi Goreng,Olahan,Hewan Daging Sosis dan Makan Siang,300,12.0,25.0,2.0,0.0,0.0,0.0,150.0,1.5,15,150.0,800.0,2.0,0.1,0.0,0.1,0.1,3.0,0.1,2,1.0,0.0,0.0,0.5,0.0,10.0,11.0,2.0,60.0
Soto Ayam,0,"Sup, Saus, dan Kuah Daging/Kaldu",163,0.0,0.0,0.0,0.0,0.0,0.0,0.0,0.0,0,0.0,0.0,0.0,0.0,0,0.0,0.0,0.0,0.0,0,0.0,0.0,0.0,0.0,0.0,0.0,0.0,0.0,0.0
Soto Ayam (Kuah),Olahan,"Sup, Saus, dan Kuah Daging/Kaldu",100,6.0,5.0,8.0,0.0,0.0,0.0,50.0,0.5,10,80.0,300.0,0.5,0.05,1.0,0.02,0.05,1.0,0.05,5,0.1,10.0,0.0,0.2,0.0,1.5,2.0,1.0,10.0
Soto Ayam Lamongan,0,"Sup, Saus, dan Kuah Daging/Kaldu",150,0.0,0.0,0.0,0.0,0.0,0.0,0.0,0.0,0,0.0,0.0,0.0,0.0,0,0.0,0.0,0.0,0.0,0,0.0,0.0,0.0,0.0,0.0,0.0,0.0,0.0,0.0
Soto Betawi Kuah Susu,0,"Sup, Saus, dan Kuah Daging/Kaldu",250,0.0,0.0,0.0,0.0,0.0,0.0,0.0,0.0,0,0.0,0.0,0.0,0.0,0,0.0,0.0,0.0,0.0,0,0.0,0.0,0.0,0.0,0.0,0.0,0.0,0.0,0.0
Soto Keju,0,"Sup, Saus, dan Kuah Daging/Kaldu",135,0.0,0.0,0.0,0.0,0.0,0.0,0.0,0.0,0,0.0,0.0,0.0,0.0,0,0.0,0.0,0.0,0.0,0,0.0,0.0,0.0,0.0,0.0,0.0,0.0,0.0,0.0
Soto Lamongan,Olahan,"Makanan Tradisional (Indian Amerika, Alaska)",150,12.0,8.0,10.0,0.0,0.0,0.0,100.0,1.0,15,150.0,400.0,1.0,0.1,2.0,0.05,0.1,3.0,0.1,5,0.2,20.0,0.0,0.5,1.0,2.0,3.0,1.0,30.0
Soto Madu,0,"Sup, Saus, dan Kuah Daging/Kaldu",130,0.0,0.0,0.0,0.0,0.0,0.0,0.0,0.0,0,0.0,0.0,0.0,0.0,0,0.0,0.0,0.0,0.0,0,0.0,0.0,0.0,0.0,0.0,0.0,0.0,0.0,0.0
Soto Mentega,0,"Sup, Saus, dan Kuah Daging/Kaldu",167,0.0,0.0,0.0,0.0,0.0,0.0,0.0,0.0,0,0.0,0.0,0.0,0.0,0,0.0,0.0,0.0,0.0,0,0.0,0.0,0.0,0.0,0.0,0.0,0.0,0.0,0.0
Soto Mie Bogor,0,"Sup, Saus, dan Kuah Daging/Kaldu",300,0.0,0.0,0.0,0.0,0.0,0.0,0.0,0.0,0,0.0,0.0,0.0,0.0,0,0.0,0.0,0.0,0.0,0,0.0,0.0,0.0,0.0,0.0,0.0,0.0,0.0,0.0
Soto Pedas,0,"Sup, Saus, dan Kuah Daging/Kaldu",151,0.0,0.0,0.0,0.0,0.0,0.0,0.0,0.0,0,0.0,0.0,0.0,0.0,0,0.0,0.0,0.0,0.0,0,0.0,0.0,0.0,0.0,0.0,0.0,0.0,0.0,0.0
Soto Sapi,0,"Sup, Saus, dan Kuah Daging/Kaldu",151,0.0,0.0,0.0,0.0,0.0,0.0,0.0,0.0,0,0.0,0.0,0.0,0.0,0,0.0,0.0,0.0,0.0,0,0.0,0.0,0.0,0.0,0.0,0.0,0.0,0.0,0.0
Soto Seafood,0,"Sup, Saus, dan Kuah Daging/Kaldu",144,0.0,0.0,0.0,0.0,0.0,0.0,0.0,0.0,0,0.0,0.0,0.0,0.0,0,0.0,0.0,0.0,0.0,0,0.0,0.0,0.0,0.0,0.0,0.0,0.0,0.0,0.0
Soto Spesial,0,"Sup, Saus, dan Kuah Daging/Kaldu",154,0.0,0.0,0.0,0.0,0.0,0.0,0.0,0.0,0,0.0,0.0,0.0,0.0,0,0.0,0.0,0.0,0.0,0,0.0,0.0,0.0,0.0,0.0,0.0,0.0,0.0,0.0
Soun Goreng,0,"Flora Sereal Biji-Bijian, Pasta & olahannya",280,0.0,0.0,0.0,0.0,0.0,0.0,0.0,0.0,0,0.0,0.0,0.0,0.0,0,0.0,0.0,0.0,0.0,0,0.0,0.0,0.0,0.0,0.0,0.0,0.0,0.0,0.0
Steak Sapi (Sirloin),0,Makanan Restoran,400,0.0,0.0,0.0,0.0,0.0,0.0,0.0,0.0,0,0.0,0.0,0.0,0.0,0,0.0,0.0,0.0,0.0,0,0.0,0.0,0.0,0.0,0.0,0.0,0.0,0.0,0.0
Susu Murni Lembang,0,"Keju, Susu, Telur & olahannya",130,0.0,0.0,0.0,0.0,0.0,0.0,0.0,0.0,0,0.0,0.0,0.0,0.0,0,0.0,0.0,0.0,0.0,0,0.0,0.0,0.0,0.0,0.0,0.0,0.0,0.0,0.0
Tahu Isi Sayur,Olahan,Makanan Pembuka dan Lauk,190,7.0,11.0,14.0,0.0,0.0,0.0,100.0,2.0,30,150.0,250.0,0.8,0.1,5.0,0.1,0.05,1.0,0.1,20,0.0,50.0,0.0,1.0,5.0,4.0,4.0,2.0,0.0
Tahu Putih Kukus,Olahan,Flora Polong-polongan & olahannya,76,8.0,4.8,1.9,0.0,0.0,0.0,136.0,1.6,30,121.0,7.0,0.8,0.1,0.0,0.08,0.05,0.2,0.05,15,0.0,0.0,0.0,0.0,0.0,0.7,1.0,2.7,0.0
Tekwan Palembang,0,"Hewan Ikan, Kerang & olahannya",220,0.0,0.0,0.0,0.0,0.0,0.0,0.0,0.0,0,0.0,0.0,0.0,0.0,0,0.0,0.0,0.0,0.0,0,0.0,0.0,0.0,0.0,0.0,0.0,0.0,0.0,0.0
Telur Asin Brebes,0,"Keju, Susu, Telur & olahannya",180,0.0,0.0,0.0,0.0,0.0,0.0,0.0,0.0,0,0.0,0.0,0.0,0.0,0,0.0,0.0,0.0,0.0,0,0.0,0.0,0.0,0.0,0.0,0.0,0.0,0.0,0.0
Telur Dadar,Olahan,"Keju, Susu, Telur & olahannya",250,16.0,20.0,1.0,0.0,0.0,0.0,200.0,2.0,15,150.0,300.0,1.5,0.1,0.0,0.05,0.4,0.1,0.1,40,1.0,150.0,2.0,1.5,0.0,6.0,8.0,4.0,420.0
Telur Dadar Padang,0,"Keju, Susu, Telur & olahannya",280,0.0,0.0,0.0,0.0,0.0,0.0,0.0,0.0,0,0.0,0.0,0.0,0.0,0,0.0,0.0,0.0,0.0,0,0.0,0.0,0.0,0.0,0.0,0.0,0.0,0.0,0.0
Telur Orak Arik,0,"Keju, Susu, Telur & olahannya",200,0.0,0.0,0.0,0.0,0.0,0.0,0.0,0.0,0,0.0,0.0,0.0,0.0,0,0.0,0.0,0.0,0.0,0,0.0,0.0,0.0,0.0,0.0,0.0,0.0,0.0,0.0
Telur Pindang,0,"Keju, Susu, Telur & olahannya",150,0.0,0.0,0.0,0.0,0.0,0.0,0.0,0.0,0,0.0,0.0,0.0,0.0,0,0.0,0.0,0.0,0.0,0,0.0,0.0,0.0,0.0,0.0,0.0,0.0,0.0,0.0
Telur Rebus,Olahan,"Keju, Susu, Telur & olahannya",155,12.6,10.6,1.1,0.0,0.0,0.0,172.0,1.2,10,126.0,124.0,1.0,0.0,0.0,0.06,0.5,0.0,0.1,44,1.1,149.0,2.0,1.0,0.0,3.3,4.1,1.4,373.0
Tempe Goreng,Olahan,Flora Polong-polongan & olahannya,230,20.0,16.0,10.0,0.0,0.0,0.0,200.0,3.5,70,350.0,15.0,1.5,0.5,0.0,0.15,0.2,3.5,0.3,30,0.1,2.0,0.0,1.0,5.0,6.0,6.0,3.0,0.0
Tempe Orek Kering,0,Flora Polong-polongan & olahannya,300,0.0,0.0,0.0,0.0,0.0,0.0,0.0,0.0,0,0.0,0.0,0.0,0.0,0,0.0,0.0,0.0,0.0,0,0.0,0.0,0.0,0.0,0.0,0.0,0.0,0.0,0.0
Tempe Penyet,0,Flora Polong-polongan & olahannya,220,0.0,0.0,0.0,0.0,0.0,0.0,0.0,0.0,0,0.0,0.0,0.0,0.0,0,0.0,0.0,0.0,0.0,0,0.0,0.0,0.0,0.0,0.0,0.0,0.0,0.0,0.0
Tengkleng Solo,0,"Hewan Domba, Sapi Muda, Hasil Buruan",220,0.0,0.0,0.0,0.0,0.0,0.0,0.0,0.0,0,0.0,0.0,0.0,0.0,0,0.0,0.0,0.0,0.0,0,0.0,0.0,0.0,0.0,0.0,0.0,0.0,0.0,0.0
Terong Balado,0,Flora Sayuran & olahannya,140,0.0,0.0,0.0,0.0,0.0,0.0,0.0,0.0,0,0.0,0.0,0.0,0.0,0,0.0,0.0,0.0,0.0,0,0.0,0.0,0.0,0.0,0.0,0.0,0.0,0.0,0.0
Tongseng Kambing Santan,0,"Hewan Domba, Sapi Muda, Hasil Buruan",250,0.0,0.0,0.0,0.0,0.0,0.0,0.0,0.0,0,0.0,0.0,0.0,0.0,0,0.0,0.0,0.0,0.0,0,0.0,0.0,0.0,0.0,0.0,0.0,0.0,0.0,0.0
Tumis Buncis Wortel,0,Flora Sayuran & olahannya,80,0.0,0.0,0.0,0.0,0.0,0.0,0.0,0.0,0,0.0,0.0,0.0,0.0,0,0.0,0.0,0.0,0.0,0,0.0,0.0,0.0,0.0,0.0,0.0,0.0,0.0,0.0
Tumis Kangkung,Olahan,Flora Sayuran & olahannya,90,3.0,7.0,4.0,0.0,0.0,0.0,40.0,2.5,50,300.0,250.0,0.4,0.2,15.0,0.1,0.2,1.0,0.1,40,0.0,400.0,0.0,1.0,80.0,3.0,3.0,1.0,0.0
Udang Goreng Tepung,Olahan,"Hewan Ikan, Kerang & olahannya",280,15.0,18.0,12.0,0.0,0.0,0.0,200.0,1.5,30,150.0,400.0,1.0,0.2,0.0,0.05,0.05,2.0,0.1,5,1.0,0.0,0.5,1.0,0.0,6.0,8.0,3.0,150.0
Udang Saus Mentega,0,"Hewan Ikan, Kerang & olahannya",250,0.0,0.0,0.0,0.0,0.0,0.0,0.0,0.0,0,0.0,0.0,0.0,0.0,0,0.0,0.0,0.0,0.0,0,0.0,0.0,0.0,0.0,0.0,0.0,0.0,0.0,0.0
Urap Sayur,0,Flora Sayuran & olahannya,130,0.0,0.0,0.0,0.0,0.0,0.0,0.0,0.0,0,0.0,0.0,0.0,0.0,0,0.0,0.0,0.0,0.0,0,0.0,0.0,0.0,0.0,0.0,0.0,0.0,0.0,0.0
Wedang Jahe,0,Minuman,50,0.0,0.0,0.0,0.0,0.0,0.0,0.0,0.0,0,0.0,0.0,0.0,0.0,0,0.0,0.0,0.0,0.0,0,0.0,0.0,0.0,0.0,0.0,0.0,0.0,0.0,0.0
